,Unnamed: 0,date,time,comp,round,day,venue,result,gf,ga,opponent,xg,xga,poss,attendance,captain,formation,referee,match report,notes,sh,sot,dist,fk,pk,pkatt,season,team,venue_code,opp_code,hour,day_code,target,gf_rolling,ga_rolling,sh_rolling,sot_rolling,dist_rolling,fk_rolling,pk_rolling,pkatt_rolling,
55,55,1/23/2022,14:00,Premier League,Matchweek 23,Sun,Home,D,0,0,Burnley,1.2,0.4,74,59255,Alexandre Lacazette,4-1-4-1,David Coote,Match Report,,20,5,18.5,2,0,0,2022,Arsenal,1,4,14,6,0,3.333333333,1,14.33333333,6.333333333,16.13333333,0.333333333,0.333333333,0.333333333,L
56,56,2/10/2022,19:45,Premier League,Matchweek 24,Thu,Away,W,1,0,Wolves,1.8,0.9,40,31523,Alexandre Lacazette,4-2-3-1,Michael Oliver,Match Report,,12,2,17.3,0,0,0,2022,Arsenal,0,22,19,3,1,2,0.666666667,14,4,17.03333333,1,0.333333333,0.333333333,
57,57,2/19/2022,15:00,Premier League,Matchweek 26,Sat,Home,W,2,1,Brentford,2.1,0.6,67,59249,Alexandre Lacazette,4-2-3-1,Jonathan Moss,Match Report,,24,7,15.6,0,0,0,2022,Arsenal,1,2,15,5,1,0.666666667,0.666666667,13,3,17.06666667,0.666666667,0,0,W
58,58,2/24/2022,19:45,Premier League,Matchweek 20,Thu,Home,W,2,1,Wolves,2.7,1,55,59888,Alexandre Lacazette,4-2-3-1,Martin Atkinson,Match Report,,26,5,15.3,1,0,0,2022,Arsenal,1,22,19,3,1,1,0.333333333,18.66666667,4.666666667,17.13333333,0.666666667,0,0,W
59,59,3/6/2022,14:00,Premier League,Matchweek 28,Sun,Away,W,3,2,Watford,1.4,1.5,56,21142,Alexandre Lacazette,4-2-3-1,Craig Pawson,Match Report,,16,4,17.1,0,0,0,2022,Arsenal,0,19,14,6,1,1.666666667,0.666666667,20.66666667,4.666666667,16.06666667,0.333333333,0,0,W
60,60,3/13/2022,16:30,Premier League,Matchweek 29,Sun,Home,W,2,0,Leicester City,2.3,0.3,46,60111,Alexandre Lacazette,4-2-3-1,Anthony Taylor,Match Report,,20,6,15.8,0,1,1,2022,Arsenal,1,10,16,6,1,2.333333333,1.333333333,22,5.333333333,16,0.333333333,0,0,w
61,61,3/16/2022,20:15,Premier League,Matchweek 27,Wed,Home,L,0,2,Liverpool,0.5,0.8,50,59968,Alexandre Lacazette,4-2-3-1,Andre Marriner,Match Report,,9,2,21.2,0,0,0,2022,Arsenal,1,11,20,2,0,2.333333333,1,20.66666667,5,16.06666667,0.333333333,0.333333333,0.333333333,
62,62,3/19/2022,12:30,Premier League,Matchweek 30,Sat,Away,W,1,0,Aston Villa,1.3,0.4,54,41956,Alexandre Lacazette,4/3/2003,Andy Madley,Match Report,,10,3,18.2,0,0,0,2022,Arsenal,0,1,12,5,1,1.666666667,1.333333333,15,4,18.03333333,0,0.333333333,0.333333333,
63,63,4/4/2022,20:00,Premier League,Matchweek 31,Mon,Away,L,0,3,Crystal Palace,0.8,1.6,67,25149,Alexandre Lacazette,4-2-3-1,Paul Tierney,Match Report,,12,3,18.5,0,0,0,2022,Arsenal,0,6,20,0,0,1,0.666666667,13,3.666666667,18.4,0,0.333333333,0.333333333,
64,64,4/9/2022,15:00,Premier League,Matchweek 32,Sat,Home,L,1,2,Brighton,1.8,0.5,63,60112,Alexandre Lacazette,4-2-3-1,David Coote,Match Report,,20,4,16,2,0,0,2022,Arsenal,1,3,15,5,0,0.333333333,1.666666667,10.33333333,2.666666667,19.3,0,0,0,
65,65,4/16/2022,15:00,Premier League,Matchweek 33,Sat,Away,L,0,1,Southampton,1.7,0.7,75,31465,Martin Ødegaard,4/3/2003,Peter Bankes,Match Report,,23,6,17.7,1,0,0,2022,Arsenal,0,17,15,5,0,0.666666667,1.666666667,14,3.333333333,17.56666667,0.666666667,0,0,
66,66,4/20/2022,19:45,Premier League,Matchweek 25,Wed,Away,W,4,2,Chelsea,2.5,0.7,34,32249,Martin Ødegaard,4-2-3-1,Jonathan Moss,Match Report,,13,3,20,0,1,1,2022,Arsenal,0,5,19,2,1,0.333333333,2,18.33333333,4.333333333,17.4,1,0,0,
67,67,4/23/2022,12:30,Premier League,Matchweek 34,Sat,Home,W,3,1,Manchester Utd,2.2,2.1,55,60223,Martin Ødegaard,4-2-3-1,Craig Pawson,Match Report,,13,6,18.5,1,1,1,2022,Arsenal,1,13,12,5,1,1.666666667,1.666666667,18.66666667,4.333333333,17.9,1,0.333333333,0.333333333,
121,121,1/2/2022,14:00,Premier League,Matchweek 21,Sun,Away,L,1,2,Brentford,1.1,0.5,55,16876,John McGinn,4/3/2003,Craig Pawson,Match Report,,16,5,16.4,0,0,0,2022,Aston Villa,0,2,14,6,0,1,1.333333333,9.666666667,2.333333333,19.53333333,0.333333333,0,0,
122,122,1/15/2022,17:30,Premier League,Matchweek 22,Sat,Home,D,2,2,Manchester Utd,2,1,54,41968,Tyrone Mings,4/3/2003,David Coote,Match Report,,13,9,12.5,0,0,0,2022,Aston Villa,1,13,17,5,0,1.333333333,1.666666667,13.33333333,4,17.33333333,0,0,0,
123,123,1/22/2022,12:30,Premier League,Matchweek 23,Sat,Away,W,1,0,Everton,0.6,1.3,50,38203,Tyrone Mings,4/3/2003,Craig Pawson,Match Report,,8,3,18.4,2,0,0,2022,Aston Villa,0,7,12,5,1,1.333333333,2.333333333,12.33333333,5,15.93333333,0,0,0,
124,124,2/9/2022,20:00,Premier League,Matchweek 24,Wed,Home,D,3,3,Leeds United,1.8,1.9,40,41927,Tyrone Mings,4/3/2003,Jarred Gillett,Match Report,,12,4,14.7,0,0,0,2022,Aston Villa,1,9,20,2,0,1.333333333,1.333333333,12.33333333,5.666666667,15.76666667,0.666666667,0,0,
125,125,2/13/2022,14:00,Premier League,Matchweek 25,Sun,Away,L,0,1,Newcastle Utd,0.4,0.5,63,52207,Tyrone Mings,4/3/2003,Craig Pawson,Match Report,,11,1,20.2,1,0,0,2022,Aston Villa,0,14,14,6,0,2,1.666666667,11,5.333333333,15.2,0.666666667,0,0,
126,126,2/19/2022,15:00,Premier League,Matchweek 26,Sat,Home,L,0,1,Watford,1.3,1.1,59,41936,Tyrone Mings,4/3/2003,Robert Jones,Match Report,,20,2,20.2,1,0,0,2022,Aston Villa,1,19,15,5,0,1.333333333,1.333333333,10.33333333,2.666666667,17.76666667,1,0,0,
127,127,2/26/2022,15:00,Premier League,Matchweek 27,Sat,Away,W,2,0,Brighton,1.2,0.6,34,31475,Tyrone Mings,4-4-2◆,John Brooks,Match Report,,9,4,16.8,1,0,0,2022,Aston Villa,0,3,15,5,1,1,1.666666667,14.33333333,2.333333333,18.36666667,0.666666667,0,0,
128,128,3/5/2022,15:00,Premier League,Matchweek 28,Sat,Home,W,4,0,Southampton,2.6,0.7,38,41855,Tyrone Mings,4-4-2◆,Peter Bankes,Match Report,,14,9,15.4,0,0,0,2022,Aston Villa,1,17,15,5,1,0.666666667,0.666666667,13.33333333,2.333333333,19.06666667,1,0,0,
129,129,3/10/2022,19:45,Premier League,Matchweek 20,Thu,Away,W,3,0,Leeds United,1.4,0.2,49,36400,Tyrone Mings,4-4-2◆,Simon Hooper,Match Report,,15,9,19.2,1,0,0,2022,Aston Villa,0,9,19,3,1,2,0.333333333,14.33333333,5,17.46666667,0.666666667,0,0,
130,130,3/13/2022,14:00,Premier League,Matchweek 29,Sun,Away,L,1,2,West Ham,1,1.3,52,59957,Tyrone Mings,4-4-2◆,Jarred Gillett,Match Report,,13,6,15.1,0,0,0,2022,Aston Villa,0,21,14,6,0,3,0,12.66666667,7.333333333,17.13333333,0.666666667,0,0,
131,131,3/19/2022,12:30,Premier League,Matchweek 30,Sat,Home,L,0,1,Arsenal,0.4,1.3,46,41956,Tyrone Mings,4-3-2-1,Andy Madley,Match Report,,8,1,16.8,2,0,0,2022,Aston Villa,1,0,12,5,0,2.666666667,0.666666667,14,8,16.56666667,0.333333333,0,0,
132,132,4/2/2022,15:00,Premier League,Matchweek 31,Sat,Away,L,1,2,Wolves,2.1,1.2,51,31012,Tyrone Mings,4-4-2◆,Darren England,Match Report,,14,4,19.4,1,1,1,2022,Aston Villa,0,22,15,5,0,1.333333333,1,12,5.333333333,17.03333333,1,0,0,
133,133,4/9/2022,17:30,Premier League,Matchweek 32,Sat,Home,L,0,4,Tottenham,1.6,1,51,41949,Tyrone Mings,4-4-2◆,Graham Scott,Match Report,,19,8,16,1,0,0,2022,Aston Villa,1,18,17,5,0,0.666666667,1.666666667,11.66666667,3.666666667,17.1,1,0.333333333,0.333333333,
134,134,4/23/2022,15:00,Premier League,Matchweek 34,Sat,Away,D,0,0,Leicester City,0.6,0.4,37,32185,Tyrone Mings,4-3-2-1,Andy Madley,Match Report,,11,3,17.9,0,0,0,2022,Aston Villa,0,10,15,5,0,0.333333333,2.333333333,13.66666667,4.333333333,17.4,1.333333333,0.333333333,0.333333333,
150,150,1/2/2022,14:00,Premier League,Matchweek 21,Sun,Home,W,2,1,Aston Villa,0.5,1.1,45,16876,Pontus Jansson,3/5/2002,Craig Pawson,Match Report,,10,4,16.6,0,0,0,2022,Brentford,1,1,14,6,1,0.666666667,1.333333333,12,3.666666667,18.36666667,0,0.333333333,0.333333333,
151,151,1/11/2022,19:45,Premier League,Matchweek 18,Tue,Away,L,1,4,Southampton,0.7,1.6,53,27383,Pontus Jansson,3/5/2002,Stuart Attwell,Match Report,,5,4,12.1,0,0,0,2022,Brentford,0,17,19,1,0,0.666666667,1.333333333,11,3.666666667,19.26666667,0,0,0,
152,152,1/16/2022,14:00,Premier League,Matchweek 22,Sun,Away,L,0,3,Liverpool,0.5,3.1,31,52824,Pontus Jansson,3/5/2002,Jonathan Moss,Match Report,,6,1,21.1,0,0,0,2022,Brentford,0,11,14,6,0,1,2,7,3.333333333,17.96666667,0,0,0,
153,153,1/19/2022,20:00,Premier League,Matchweek 17,Wed,Home,L,1,3,Manchester Utd,2.2,2,44,17094,Pontus Jansson,3/5/2002,Andre Marriner,Match Report,,18,9,16.4,0,0,0,2022,Brentford,1,13,20,2,0,1,2.666666667,7,3,16.6,0,0,0,
154,154,1/22/2022,15:00,Premier League,Matchweek 23,Sat,Home,L,1,2,Wolves,1.3,0.2,49,16982,Pontus Jansson,3/5/2002,Peter Bankes,Match Report,,11,1,12.8,0,0,0,2022,Brentford,1,22,15,5,0,0.666666667,3.333333333,9.666666667,4.666666667,16.53333333,0,0,0,
155,155,2/9/2022,19:45,Premier League,Matchweek 24,Wed,Away,L,0,2,Manchester City,0.7,2,25,51658,Pontus Jansson,3/5/2002,Darren England,Match Report,,6,2,18,0,0,0,2022,Brentford,0,12,19,2,0,0.666666667,2.666666667,11.66666667,3.666666667,16.76666667,0,0,0,
156,156,2/12/2022,15:00,Premier League,Matchweek 25,Sat,Home,D,0,0,Crystal Palace,1.5,0.5,42,16958,Pontus Jansson,3/5/2002,Simon Hooper,Match Report,,9,2,13.2,0,0,0,2022,Brentford,1,6,15,5,0,0.666666667,2.333333333,11.66666667,4,15.73333333,0,0,0,
157,157,2/19/2022,15:00,Premier League,Matchweek 26,Sat,Away,L,1,2,Arsenal,0.6,2.1,33,59249,Pontus Jansson,3/5/2002,Jonathan Moss,Match Report,,6,2,19.2,0,0,0,2022,Brentford,0,0,15,5,0,0.333333333,1.333333333,8.666666667,1.666666667,14.66666667,0,0,0,
158,158,2/26/2022,15:00,Premier League,Matchweek 27,Sat,Home,L,0,2,Newcastle Utd,0.3,2.4,38,17039,Pontus Jansson,4/3/2003,Mike Dean,Match Report,,6,1,16,0,0,0,2022,Brentford,1,14,15,5,0,0.333333333,1.333333333,7,2,16.8,0,0,0,
159,159,3/5/2022,15:00,Premier League,Matchweek 28,Sat,Away,W,3,1,Norwich City,2.1,1.4,40,26887,Pontus Jansson,4-1-4-1,Anthony Taylor,Match Report,,10,4,18.7,0,2,2,2022,Brentford,0,15,15,5,1,0.333333333,1.333333333,7,1.666666667,16.13333333,0,0,0,
160,160,3/12/2022,15:00,Premier League,Matchweek 29,Sat,Home,W,2,0,Burnley,1.9,0.7,56,17088,Pontus Jansson,4/5/2001,Paul Tierney,Match Report,,12,2,18.6,0,1,1,2022,Brentford,1,4,15,5,1,1.333333333,1.666666667,7.333333333,2.333333333,17.96666667,0,0.666666667,0.666666667,
161,161,3/20/2022,14:00,Premier League,Matchweek 30,Sun,Away,L,1,2,Leicester City,1.4,1.3,47,31830,Pontus Jansson,4/5/2001,Darren England,Match Report,,16,5,14.4,0,0,0,2022,Brentford,0,10,14,6,0,1.666666667,1,9.333333333,2.333333333,17.76666667,0,1,1,
162,162,4/2/2022,15:00,Premier League,Matchweek 31,Sat,Away,W,4,1,Chelsea,2.1,1.6,30,39061,Pontus Jansson,3/5/2002,Andy Madley,Match Report,,17,6,13.2,1,0,0,2022,Brentford,0,5,15,5,1,2,1,12.66666667,3.666666667,17.23333333,0,1,1,
163,163,4/10/2022,14:00,Premier League,Matchweek 32,Sun,Home,W,2,0,West Ham,1.6,0.3,48,17032,Christian Nørgaard,4/3/2003,Martin Atkinson,Match Report,,16,7,15,0,0,0,2022,Brentford,1,21,14,6,1,2.333333333,1,15,4.333333333,15.4,0.333333333,0.333333333,0.333333333,
164,164,4/16/2022,15:00,Premier League,Matchweek 33,Sat,Away,W,2,1,Watford,1.3,1.5,50,21045,Pontus Jansson,4/3/2003,Simon Hooper,Match Report,,16,5,19.4,0,0,0,2022,Brentford,0,19,15,5,1,2.333333333,1,16.33333333,6,14.2,0.333333333,0,0,
165,165,4/23/2022,17:30,Premier League,Matchweek 34,Sat,Home,D,0,0,Tottenham,0.8,0.7,45,17072,Pontus Jansson,3/5/2002,Martin Atkinson,Match Report,,15,1,14.3,1,0,0,2022,Brentford,1,18,17,5,0,2.666666667,0.666666667,16.33333333,6,15.86666667,0.333333333,0,0,
219,219,1/2/2022,14:00,Premier League,Matchweek 21,Sun,Away,W,3,2,Everton,1.5,1.6,50,38203,Adam Lallana,4/4/2002,John Brooks,Match Report,,12,5,17.5,0,0,0,2022,Brighton and Hove Albion,0,7,14,6,1,1,0.666666667,15,4.333333333,19.43333333,2,0,0,
220,220,1/14/2022,20:00,Premier League,Matchweek 22,Fri,Home,D,1,1,Crystal Palace,2.1,0.3,64,30675,Adam Lallana,4-4-2◆,Robert Jones,Match Report,,19,3,17.1,0,0,1,2022,Brighton and Hove Albion,1,6,20,4,0,2,1,15,5.333333333,19.4,1.333333333,0,0,
221,221,1/18/2022,20:00,Premier League,Matchweek 24,Tue,Home,D,1,1,Chelsea,0.6,0.7,44,30880,Adam Webster,4-1-4-1,Kevin Friend,Match Report,,9,2,15.7,0,0,0,2022,Brighton and Hove Albion,1,5,20,1,0,1.666666667,1.333333333,16.33333333,4.666666667,18,0.333333333,0,0.333333333,
222,222,1/23/2022,14:00,Premier League,Matchweek 23,Sun,Away,D,1,1,Leicester City,1,2.2,57,31231,Adam Webster,4-4-2◆,Martin Atkinson,Match Report,,14,4,16.6,0,0,0,2022,Brighton and Hove Albion,0,10,14,6,0,1.666666667,1.333333333,13.33333333,3.333333333,16.76666667,0,0,0.333333333,
223,223,2/12/2022,15:00,Premier League,Matchweek 25,Sat,Away,W,2,0,Watford,1.4,0.5,64,20795,Lewis Dunk,3/5/2002,Jonathan Moss,Match Report,,11,5,12.1,0,0,0,2022,Brighton and Hove Albion,0,19,15,5,1,1,1,14,3,16.46666667,0,0,0.333333333,
224,224,2/15/2022,20:15,Premier League,Matchweek 18,Tue,Away,L,0,2,Manchester Utd,0.6,2,50,73012,Lewis Dunk,4-4-2◆,Peter Bankes,Match Report,,10,3,18,0,0,0,2022,Brighton and Hove Albion,0,13,20,1,0,1.333333333,0.666666667,11.33333333,3.666666667,14.8,0,0,0,
225,225,2/19/2022,15:00,Premier League,Matchweek 26,Sat,Home,L,0,3,Burnley,0.5,0.7,69,30361,Adam Lallana,4/4/2002,Kevin Friend,Match Report,,11,1,18.3,0,0,0,2022,Brighton and Hove Albion,1,4,15,5,0,1,1,11.66666667,4,15.56666667,0,0,0,
226,226,2/26/2022,15:00,Premier League,Matchweek 27,Sat,Home,L,0,2,Aston Villa,0.6,1.2,66,31475,Lewis Dunk,3/5/2002,John Brooks,Match Report,,12,1,18.2,0,0,0,2022,Brighton and Hove Albion,1,1,15,5,0,0.666666667,1.666666667,10.66666667,3,16.13333333,0,0,0,
227,227,3/5/2022,15:00,Premier League,Matchweek 28,Sat,Away,L,1,2,Newcastle Utd,1.3,1.6,68,52214,Lewis Dunk,4-4-2◆,Martin Atkinson,Match Report,,15,4,13.8,0,0,0,2022,Brighton and Hove Albion,0,14,15,5,0,0,2.333333333,11,1.666666667,18.16666667,0,0,0,
228,228,3/12/2022,12:30,Premier League,Matchweek 29,Sat,Home,L,0,2,Liverpool,0.8,2.3,52,31474,Lewis Dunk,4-2-3-1,Mike Dean,Match Report,,8,3,16.9,0,0,0,2022,Brighton and Hove Albion,1,11,12,5,0,0.333333333,2.333333333,12.66666667,2,16.76666667,0,0,0,
229,229,3/16/2022,19:30,Premier League,Matchweek 16,Wed,Home,L,0,2,Tottenham,0.7,2.4,48,31144,Lewis Dunk,4-2-3-1,Robert Jones,Match Report,,15,0,17.3,0,0,0,2022,Brighton and Hove Albion,1,18,19,2,0,0.333333333,2,11.66666667,2.666666667,16.3,0,0,0,
230,230,4/2/2022,15:00,Premier League,Matchweek 31,Sat,Home,D,0,0,Norwich City,2.9,0.3,63,31245,Lewis Dunk,3/5/2002,Simon Hooper,Match Report,,30,4,17.2,1,0,1,2022,Brighton and Hove Albion,1,15,15,5,0,0.333333333,2,12.66666667,2.333333333,16,0,0,0,
231,231,4/9/2022,15:00,Premier League,Matchweek 32,Sat,Away,W,2,1,Arsenal,0.5,1.8,37,60112,Lewis Dunk,3/5/2002,David Coote,Match Report,,8,3,23,0,0,0,2022,Brighton and Hove Albion,0,0,15,5,1,0,1.333333333,17.66666667,2.333333333,17.13333333,0.333333333,0,0.333333333,
232,232,4/16/2022,12:30,Premier League,Matchweek 33,Sat,Away,W,1,0,Tottenham,0.7,0.4,52,58685,Lewis Dunk,3/5/2002,Craig Pawson,Match Report,,12,4,16.4,0,0,0,2022,Brighton and Hove Albion,0,18,12,5,1,0.666666667,1,17.66666667,2.333333333,19.16666667,0.333333333,0,0.333333333,
233,233,4/20/2022,20:00,Premier League,Matchweek 30,Wed,Away,L,0,3,Manchester City,0.1,1.2,36,52226,Lewis Dunk,3/5/2002,Mike Dean,Match Report,,2,1,16.2,1,0,0,2022,Brighton and Hove Albion,0,12,20,2,0,1,0.333333333,16.66666667,3.666666667,18.86666667,0.333333333,0,0.333333333,
234,234,4/24/2022,14:00,Premier League,Matchweek 34,Sun,Home,D,2,2,Southampton,1.4,0.9,47,31335,Lewis Dunk,4-4-2◆,Robert Jones,Match Report,,8,5,11.2,0,0,0,2022,Brighton and Hove Albion,1,17,14,6,0,1,1.333333333,7.333333333,2.666666667,18.53333333,0.333333333,0,0,
286,286,1/2/2022,14:00,Premier League,Matchweek 21,Sun,Away,L,1,3,Leeds United,0.9,1.3,46,36083,Ben Mee,4/4/2002,Paul Tierney,Match Report,,8,2,17.2,1,0,0,2022,Burnley,0,9,14,6,0,0.333333333,1.333333333,9.666666667,1.666666667,15.16666667,0.666666667,0,0,
287,287,1/23/2022,14:00,Premier League,Matchweek 23,Sun,Away,D,0,0,Arsenal,0.4,1.2,26,59255,Ben Mee,4/4/2002,David Coote,Match Report,,10,1,20.9,0,0,0,2022,Burnley,0,0,14,6,0,0.666666667,2,9,2,14.86666667,0.333333333,0,0,
288,288,2/5/2022,18:00,Premier League,Matchweek 17,Sat,Home,D,0,0,Watford,0.8,1,53,19527,Ben Mee,4/4/2002,Craig Pawson,Match Report,,13,2,19,1,0,0,2022,Burnley,1,19,18,5,0,0.666666667,2,9.333333333,2,16.9,0.333333333,0,0,
289,289,2/8/2022,20:00,Premier League,Matchweek 24,Tue,Home,D,1,1,Manchester Utd,0.6,2.1,36,21233,Ben Mee,4/4/2002,Mike Dean,Match Report,,9,3,19.2,0,0,0,2022,Burnley,1,13,20,1,0,0.333333333,1,10.33333333,1.666666667,19.03333333,0.666666667,0,0,
290,290,2/13/2022,14:00,Premier League,Matchweek 25,Sun,Home,L,0,1,Liverpool,0.8,1.6,33,19563,Ben Mee,4/4/2002,Martin Atkinson,Match Report,,8,5,19.2,0,0,0,2022,Burnley,1,11,14,6,0,0.333333333,0.333333333,10.66666667,2,19.7,0.333333333,0,0,
291,291,2/19/2022,15:00,Premier League,Matchweek 26,Sat,Away,W,3,0,Brighton,0.7,0.5,31,30361,Ben Mee,4/4/2002,Kevin Friend,Match Report,,10,4,20.3,0,0,0,2022,Burnley,0,3,15,5,1,0.333333333,0.666666667,10,3.333333333,19.13333333,0.333333333,0,0,
292,292,2/23/2022,19:30,Premier League,Matchweek 13,Wed,Home,W,1,0,Tottenham,1.1,0.9,36,19488,Ben Mee,4/4/2002,Graham Scott,Match Report,,15,4,15.8,0,0,0,2022,Burnley,1,18,19,2,1,1.333333333,0.666666667,9,4,19.56666667,0,0,0,
293,293,2/26/2022,15:00,Premier League,Matchweek 27,Sat,Away,D,1,1,Crystal Palace,0.2,0.9,42,24203,Ben Mee,4/4/2002,Jonathan Moss,Match Report,,5,1,15.9,0,0,0,2022,Burnley,0,6,15,5,0,1.333333333,0.333333333,11,4.333333333,18.43333333,0,0,0,
294,294,3/1/2022,19:45,Premier League,Matchweek 22,Tue,Home,L,0,2,Leicester City,1,1.5,45,17825,Ben Mee,4/4/2002,Chris Kavanagh,Match Report,,9,2,16.2,0,0,0,2022,Burnley,1,10,19,1,0,1.666666667,0.333333333,10,3,17.33333333,0,0,0,
295,295,3/5/2022,15:00,Premier League,Matchweek 28,Sat,Home,L,0,4,Chelsea,0.8,2.2,28,19439,James Tarkowski,4/4/2002,Andre Marriner,Match Report,,6,0,16.8,1,0,0,2022,Burnley,1,5,15,5,0,0.666666667,1,9.666666667,2.333333333,15.96666667,0,0,0,
296,296,3/12/2022,15:00,Premier League,Matchweek 29,Sat,Away,L,0,2,Brentford,0.7,1.9,44,17088,James Tarkowski,4/4/2002,Paul Tierney,Match Report,,7,1,20.6,1,0,0,2022,Burnley,0,2,15,5,0,0.333333333,2.333333333,6.666666667,1,16.3,0.333333333,0,0,
297,297,4/2/2022,15:00,Premier League,Matchweek 31,Sat,Home,L,0,2,Manchester City,0.1,1.8,25,21249,James Tarkowski,4/5/2001,Craig Pawson,Match Report,,3,1,16.8,0,0,0,2022,Burnley,1,12,15,5,0,0,2.666666667,7.333333333,1,17.86666667,0.666666667,0,0,
298,298,4/6/2022,19:30,Premier League,Matchweek 19,Wed,Home,W,3,2,Everton,1.4,2.4,53,19830,James Tarkowski,4/4/2002,Mike Dean,Match Report,,13,4,15.5,0,0,0,2022,Burnley,1,7,19,2,1,0,2.666666667,5.333333333,0.666666667,18.06666667,0.666666667,0,0,
299,299,4/10/2022,14:00,Premier League,Matchweek 32,Sun,Away,L,0,2,Norwich City,1.9,1.5,56,26361,James Tarkowski,4/4/2002,Michael Oliver,Match Report,,18,3,16.4,1,0,0,2022,Burnley,0,15,14,6,0,1,2,7.666666667,2,17.63333333,0.333333333,0,0,
300,300,4/17/2022,14:15,Premier League,Matchweek 33,Sun,Away,D,1,1,West Ham,1.6,2.2,39,59958,James Tarkowski,4/4/2002,Paul Tierney,Match Report,,8,1,15.9,0,0,1,2022,Burnley,0,21,14,6,0,1,2,11.33333333,2.666666667,16.23333333,0.333333333,0,0,
301,301,4/21/2022,19:45,Premier League,Matchweek 30,Thu,Home,W,2,0,Southampton,1.5,1.1,44,17384,James Tarkowski,4/4/2002,Stuart Attwell,Match Report,,16,6,12.6,0,0,0,2022,Burnley,1,17,19,3,1,1.333333333,1.666666667,13,2.666666667,15.93333333,0.333333333,0,0.333333333,
302,302,4/24/2022,14:00,Premier League,Matchweek 34,Sun,Home,W,1,0,Wolves,1,0.7,36,19246,James Tarkowski,4/4/2002,Anthony Taylor,Match Report,,13,5,18.8,0,0,0,2022,Burnley,1,22,14,6,1,1,1,14,3.333333333,14.96666667,0.333333333,0,0.333333333,
358,358,1/2/2022,16:30,Premier League,Matchweek 21,Sun,Home,D,2,2,Liverpool,1.3,1.4,55,40072,César Azpilicueta,3/4/2003,Anthony Taylor,Match Report,,15,6,17.2,3,0,0,2022,Chelsea,1,11,16,6,0,1.333333333,0.666666667,9,2.666666667,14.96666667,0.333333333,0.666666667,0.666666667,
359,359,1/15/2022,12:30,Premier League,Matchweek 22,Sat,Away,L,0,1,Manchester City,0.5,0.7,44,53319,César Azpilicueta,3/4/2003,Craig Pawson,Match Report,,4,1,18.8,0,0,0,2022,Chelsea,0,12,12,5,0,2,1.333333333,11.33333333,4.333333333,15.73333333,1.333333333,0.666666667,0.666666667,
360,360,1/18/2022,20:00,Premier League,Matchweek 24,Tue,Away,D,1,1,Brighton,0.7,0.6,56,30880,César Azpilicueta,4-2-2-2,Kevin Friend,Match Report,,15,3,20.3,1,0,0,2022,Chelsea,0,3,20,1,0,1,1.333333333,10,4,16.23333333,1,0,0,
361,361,1/23/2022,16:30,Premier League,Matchweek 23,Sun,Home,W,2,0,Tottenham,0.9,0.4,65,40020,César Azpilicueta,4/3/2003,Paul Tierney,Match Report,,15,7,15,0,0,0,2022,Chelsea,1,18,16,6,1,1,1.333333333,11.33333333,3.333333333,18.76666667,1.333333333,0,0,
362,362,2/19/2022,15:00,Premier League,Matchweek 26,Sat,Away,W,1,0,Crystal Palace,1.1,0.6,58,25109,Jorginho,4/3/2003,David Coote,Match Report,,10,3,17.5,1,0,0,2022,Chelsea,0,6,15,5,1,1,0.666666667,11.33333333,3.666666667,18.03333333,0.333333333,0,0,
363,363,3/5/2022,15:00,Premier League,Matchweek 28,Sat,Away,W,4,0,Burnley,2.2,0.8,72,19439,Jorginho,3/4/2003,Andre Marriner,Match Report,,11,5,16.9,0,0,0,2022,Chelsea,0,4,15,5,1,1.333333333,0.333333333,13.33333333,4.333333333,17.6,0.666666667,0,0,
364,364,3/10/2022,19:30,Premier League,Matchweek 30,Thu,Away,W,3,1,Norwich City,1.9,1,66,26684,César Azpilicueta,3/4/2003,Martin Atkinson,Match Report,,15,7,12.4,1,0,0,2022,Chelsea,0,15,19,3,1,2.333333333,0,12,5,16.46666667,0.333333333,0,0,
365,365,3/13/2022,14:00,Premier League,Matchweek 29,Sun,Home,W,1,0,Newcastle Utd,0.8,0.2,71,40026,Jorginho,4/3/2003,David Coote,Match Report,,8,3,16.1,1,0,0,2022,Chelsea,1,14,14,6,1,2.666666667,0.333333333,12,5,15.6,0.666666667,0,0,
366,366,4/2/2022,15:00,Premier League,Matchweek 31,Sat,Home,L,1,4,Brentford,1.6,2.1,70,39061,César Azpilicueta,4/3/2003,Andy Madley,Match Report,,21,8,19.8,0,0,0,2022,Chelsea,1,2,15,5,0,2.666666667,0.333333333,11.33333333,5,15.13333333,0.666666667,0,0,
367,367,4/9/2022,15:00,Premier League,Matchweek 32,Sat,Away,W,6,0,Southampton,4.2,0.5,69,31359,N'Golo Kanté,3-4-1-2,Kevin Friend,Match Report,,24,14,15.1,0,0,0,2022,Chelsea,0,17,15,5,1,1.666666667,1.666666667,14.66666667,6,16.1,0.666666667,0,0,
368,368,4/20/2022,19:45,Premier League,Matchweek 25,Wed,Home,L,2,4,Arsenal,0.7,2.5,66,32249,César Azpilicueta,3-4-1-2,Jonathan Moss,Match Report,,11,2,16.5,0,0,0,2022,Chelsea,1,0,19,2,0,2.666666667,1.333333333,17.66666667,8.333333333,17,0.333333333,0,0,
369,369,4/24/2022,14:00,Premier League,Matchweek 34,Sun,Home,W,1,0,West Ham,2.8,0.5,66,32231,César Azpilicueta,3-4-1-2,Michael Oliver,Match Report,,25,4,18.4,0,0,1,2022,Chelsea,1,21,14,6,1,3,2.666666667,18.66666667,8,17.13333333,0,0,0,
422,422,1/14/2022,20:00,Premier League,Matchweek 22,Fri,Away,D,1,1,Brighton,0.3,2.1,36,30675,Joel Ward,4/3/2003,Robert Jones,Match Report,,3,1,20.7,0,0,0,2022,Crystal Palace,0,3,20,4,0,1.666666667,2,14.33333333,3.666666667,14.93333333,0.666666667,0.333333333,0.333333333,
423,423,1/23/2022,14:00,Premier League,Matchweek 23,Sun,Home,L,1,3,Liverpool,2.2,1.7,43,25002,Joel Ward,4/3/2003,Kevin Friend,Match Report,,8,5,11.7,0,0,0,2022,Crystal Palace,1,11,14,6,0,2,1.333333333,14,4,16.16666667,0.666666667,0.333333333,0.333333333,
424,424,2/9/2022,19:45,Premier League,Matchweek 24,Wed,Away,D,1,1,Norwich City,1.1,0.5,71,26652,Joel Ward,4/3/2003,Paul Tierney,Match Report,,12,5,21.6,1,0,1,2022,Crystal Palace,0,15,19,2,0,1.333333333,2.333333333,11,4,15.86666667,0.666666667,0,0,
425,425,2/12/2022,15:00,Premier League,Matchweek 25,Sat,Away,D,0,0,Brentford,0.5,1.5,58,16958,Joel Ward,4/3/2003,Simon Hooper,Match Report,,6,3,21.3,0,0,0,2022,Crystal Palace,0,2,15,5,0,1,1.666666667,7.666666667,3.666666667,18,0.333333333,0,0.333333333,
426,426,2/19/2022,15:00,Premier League,Matchweek 26,Sat,Home,L,0,1,Chelsea,0.6,1.1,42,25109,James McArthur,4-2-3-1,David Coote,Match Report,,7,0,13.9,0,0,0,2022,Crystal Palace,1,5,15,5,0,0.666666667,1.333333333,8.666666667,4.333333333,18.2,0.333333333,0,0.333333333,
427,427,2/23/2022,19:30,Premier League,Matchweek 18,Wed,Away,W,4,1,Watford,0.8,1,55,20012,Marc Guéhi,4/3/2003,Andre Marriner,Match Report,,7,5,15.1,0,0,0,2022,Crystal Palace,0,19,19,2,1,0.333333333,0.666666667,8.333333333,2.666666667,18.93333333,0.333333333,0,0.333333333,
428,428,2/26/2022,15:00,Premier League,Matchweek 27,Sat,Home,D,1,1,Burnley,0.9,0.2,58,24203,Luka Milivojević,4/3/2003,Jonathan Moss,Match Report,,11,4,18.3,2,0,0,2022,Crystal Palace,1,4,15,5,0,1.333333333,0.666666667,6.666666667,2.666666667,16.76666667,0,0,0,
429,429,3/5/2022,15:00,Premier League,Matchweek 28,Sat,Away,W,2,0,Wolves,2.6,0.5,37,31395,Marc Guéhi,4-2-3-1,Andy Madley,Match Report,,11,7,14.3,0,1,1,2022,Crystal Palace,0,22,15,5,1,1.666666667,1,8.333333333,3,15.76666667,0.666666667,0,0,
430,430,3/14/2022,20:00,Premier League,Matchweek 29,Mon,Home,D,0,0,Manchester City,0.8,2.3,26,25309,Marc Guéhi,4-2-3-1,Martin Atkinson,Match Report,,7,1,14.5,0,0,0,2022,Crystal Palace,1,12,20,0,0,2.333333333,0.666666667,9.666666667,5.333333333,15.9,0.666666667,0.333333333,0.333333333,
431,431,4/4/2022,20:00,Premier League,Matchweek 31,Mon,Home,W,3,0,Arsenal,1.6,0.8,33,25149,Marc Guéhi,4-2-3-1,Paul Tierney,Match Report,,5,4,19.2,1,1,1,2022,Crystal Palace,1,0,20,0,1,1,0.333333333,9.666666667,4,15.7,0.666666667,0.333333333,0.333333333,
432,432,4/10/2022,14:00,Premier League,Matchweek 32,Sun,Away,L,1,2,Leicester City,1.3,1,50,31896,Marc Guéhi,4-2-3-1,Robert Jones,Match Report,,10,2,14.2,0,0,1,2022,Crystal Palace,0,10,14,6,0,1.666666667,0,7.666666667,4,16,0.333333333,0.666666667,0.666666667,
433,433,4/20/2022,19:45,Premier League,Matchweek 30,Wed,Away,L,0,1,Newcastle Utd,0.6,0.9,63,51938,Marc Guéhi,4-2-3-1,Tony Harrington,Match Report,,10,2,14,0,0,0,2022,Crystal Palace,0,14,19,2,0,1.333333333,0.666666667,7.333333333,2.333333333,15.96666667,0.333333333,0.333333333,0.666666667,
434,434,4/25/2022,20:00,Premier League,Matchweek 34,Mon,Home,D,0,0,Leeds United,2,0.4,53,25357,James McArthur,4/3/2003,Darren England,Match Report,,17,7,13.8,0,0,0,2022,Crystal Palace,1,9,20,0,0,1.333333333,1,8.333333333,2.666666667,15.8,0.333333333,0.333333333,0.666666667,
487,487,1/2/2022,14:00,Premier League,Matchweek 21,Sun,Home,L,2,3,Brighton,1.6,1.5,50,38203,Séamus Coleman,3/4/2003,John Brooks,Match Report,,16,6,17,0,0,1,2022,Everton,1,3,14,6,0,1.333333333,1.666666667,9.333333333,4.333333333,19.26666667,0.333333333,0,0,
488,488,1/15/2022,15:00,Premier League,Matchweek 22,Sat,Away,L,1,2,Norwich City,0.7,0.7,60,26629,Séamus Coleman,4/4/2002,Andy Madley,Match Report,,12,5,17.3,1,0,0,2022,Everton,0,15,15,5,0,1.333333333,2.333333333,11,5,19.46666667,0.333333333,0,0.333333333,
489,489,1/22/2022,12:30,Premier League,Matchweek 23,Sat,Home,L,0,1,Aston Villa,1.3,0.6,50,38203,Yerry Mina,4/4/2002,Craig Pawson,Match Report,,15,1,13.8,2,0,0,2022,Everton,1,1,12,5,0,1.333333333,2,11,4.666666667,18.5,0.333333333,0,0.333333333,
490,490,2/8/2022,19:45,Premier League,Matchweek 24,Tue,Away,L,1,3,Newcastle Utd,0.6,2.2,61,52186,Séamus Coleman,3/4/2003,Anthony Taylor,Match Report,,11,2,18.6,1,0,0,2022,Everton,0,14,19,1,0,1,2,14.33333333,4,16.03333333,1,0,0.333333333,
491,491,2/12/2022,15:00,Premier League,Matchweek 25,Sat,Home,W,3,0,Leeds United,2.1,0.3,42,39150,Séamus Coleman,4/4/2002,Graham Scott,Match Report,,21,10,17.3,0,0,0,2022,Everton,1,9,15,5,1,0.666666667,2,12.66666667,2.666666667,16.56666667,1.333333333,0,0,
492,492,2/19/2022,15:00,Premier League,Matchweek 26,Sat,Away,L,0,2,Southampton,0.3,2,45,31312,Séamus Coleman,4/4/2002,Andy Madley,Match Report,,9,0,21.5,0,0,0,2022,Everton,0,17,15,5,0,1.333333333,1.333333333,15.66666667,4.333333333,16.56666667,1,0,0,
493,493,2/26/2022,17:30,Premier League,Matchweek 27,Sat,Home,L,0,1,Manchester City,0.8,1.6,33,39105,Séamus Coleman,4/3/2003,Paul Tierney,Match Report,,6,2,18.5,1,0,0,2022,Everton,1,12,17,5,0,1.333333333,1.666666667,13.66666667,4,19.13333333,0.333333333,0,0,
494,494,3/7/2022,20:00,Premier League,Matchweek 28,Mon,Away,L,0,5,Tottenham,0.2,2.9,45,59647,Séamus Coleman,4-2-3-1,Stuart Attwell,Match Report,,6,0,22,1,0,0,2022,Everton,0,18,20,0,0,1,1,12,4,19.1,0.333333333,0,0,
495,495,3/13/2022,14:00,Premier League,Matchweek 29,Sun,Home,L,0,1,Wolves,0.5,0.8,40,39112,Séamus Coleman,3/4/2003,Michael Oliver,Match Report,,7,2,20.3,1,0,0,2022,Everton,1,22,14,6,0,0,2.666666667,7,0.666666667,20.66666667,0.666666667,0,0,
496,496,3/17/2022,19:45,Premier League,Matchweek 20,Thu,Home,W,1,0,Newcastle Utd,0.6,1,40,39068,Séamus Coleman,4-2-3-1,Craig Pawson,Match Report,,9,3,16.4,1,0,0,2022,Everton,1,14,19,3,1,0,2.333333333,6.333333333,1.333333333,20.26666667,1,0,0,
497,497,4/3/2022,14:00,Premier League,Matchweek 31,Sun,Away,L,1,2,West Ham,0.8,1.2,45,59953,Michael Keane,4/3/2003,Michael Oliver,Match Report,,13,2,18.3,0,0,0,2022,Everton,0,21,14,6,0,0.333333333,2,7.333333333,1.666666667,19.56666667,1,0,0,
498,498,4/6/2022,19:30,Premier League,Matchweek 19,Wed,Away,L,2,3,Burnley,2.4,1.4,47,19830,Jordan Pickford,4/3/2003,Mike Dean,Match Report,,14,2,19,0,2,2,2022,Everton,0,4,19,2,0,0.666666667,1,9.666666667,2.333333333,18.33333333,0.666666667,0,0,
499,499,4/9/2022,12:30,Premier League,Matchweek 32,Sat,Home,W,1,0,Manchester Utd,0.4,0.7,34,39080,Séamus Coleman,4/3/2003,Jonathan Moss,Match Report,,7,3,17.6,0,0,0,2022,Everton,1,13,12,5,1,1.333333333,1.666666667,12,2.333333333,17.9,0.333333333,0.666666667,0.666666667,
500,500,4/20/2022,19:45,Premier League,Matchweek 18,Wed,Home,D,1,1,Leicester City,1.6,1,37,39153,Séamus Coleman,4/3/2003,David Coote,Match Report,,13,3,13.7,0,0,0,2022,Everton,1,10,19,2,0,1.333333333,1.666666667,11.33333333,2.333333333,18.3,0,0.666666667,0.666666667,
501,501,4/24/2022,16:30,Premier League,Matchweek 34,Sun,Away,L,0,2,Liverpool,0.5,1.7,19,53213,Séamus Coleman,4/3/2003,Stuart Attwell,Match Report,,9,1,19.2,1,0,0,2022,Everton,0,11,16,6,0,1.333333333,1.333333333,11.33333333,2.666666667,16.76666667,0,0.666666667,0.666666667,
590,590,1/2/2022,14:00,Premier League,Matchweek 21,Sun,Home,W,3,1,Burnley,1.3,0.9,54,36083,Luke Ayling,3/4/2003,Paul Tierney,Match Report,,22,7,18.2,0,0,0,2022,Leeds United,1,4,14,6,1,1,4.666666667,8.333333333,2.666666667,23.33333333,1,0.666666667,0.666666667,
591,591,1/16/2022,14:00,Premier League,Matchweek 22,Sun,Away,W,3,2,West Ham,2.3,2,52,59951,Luke Ayling,4-1-4-1,Mike Dean,Match Report,,19,5,15.9,2,0,0,2022,Leeds United,0,21,14,6,1,1.333333333,4,12,3.666666667,23.03333333,0.333333333,0.333333333,0.333333333,
592,592,1/22/2022,15:00,Premier League,Matchweek 23,Sat,Home,L,0,1,Newcastle Utd,1,1.1,63,36405,Luke Ayling,4-2-3-1,Chris Kavanagh,Match Report,,13,4,15,0,0,0,2022,Leeds United,1,14,15,5,0,2.333333333,2.333333333,16.33333333,4.333333333,19.3,0.666666667,0.333333333,0.333333333,
593,593,2/9/2022,20:00,Premier League,Matchweek 24,Wed,Away,D,3,3,Aston Villa,1.9,1.8,60,41927,Luke Ayling,4-2-3-1,Jarred Gillett,Match Report,,17,7,13.6,0,0,0,2022,Leeds United,0,1,20,2,0,2,1.333333333,18,5.333333333,16.36666667,0.666666667,0,0,
594,594,2/12/2022,15:00,Premier League,Matchweek 25,Sat,Away,L,0,3,Everton,0.3,2.1,58,39150,Luke Ayling,3/4/2003,Graham Scott,Match Report,,7,0,22.4,0,0,0,2022,Leeds United,0,7,15,5,0,2,2,16.33333333,5.333333333,14.83333333,0.666666667,0,0,
595,595,2/20/2022,14:00,Premier League,Matchweek 26,Sun,Home,L,2,4,Manchester Utd,1.5,2.6,54,36715,Luke Ayling,4-2-3-1,Paul Tierney,Match Report,,16,6,19.1,0,0,0,2022,Leeds United,1,13,14,6,0,1,2.333333333,12.33333333,3.666666667,17,0,0,0,
596,596,2/23/2022,19:45,Premier League,Matchweek 19,Wed,Away,L,0,6,Liverpool,0.2,5,35,53018,Luke Ayling,4-1-4-1,Michael Oliver,Match Report,,3,2,21.1,0,0,0,2022,Leeds United,0,11,19,2,0,1.666666667,3.333333333,13.33333333,4.333333333,18.36666667,0,0,0,
597,597,2/26/2022,12:30,Premier League,Matchweek 27,Sat,Home,L,0,4,Tottenham,1.5,2.4,49,36599,Luke Ayling,4-1-4-1,Craig Pawson,Match Report,,20,2,16.8,1,0,0,2022,Leeds United,1,18,12,5,0,0.666666667,4.333333333,8.666666667,2.666666667,20.86666667,0,0,0,
598,598,3/5/2022,12:30,Premier League,Matchweek 28,Sat,Away,L,0,1,Leicester City,1.9,0.5,50,32236,Luke Ayling,4-2-3-1,David Coote,Match Report,,19,4,13.7,0,0,0,2022,Leeds United,0,10,12,5,0,0.666666667,4.666666667,13,3.333333333,19,0.333333333,0,0,
599,599,3/10/2022,19:45,Premier League,Matchweek 20,Thu,Home,L,0,3,Aston Villa,0.2,1.4,51,36400,Luke Ayling,4-2-3-1,Simon Hooper,Match Report,,4,1,22.4,0,0,0,2022,Leeds United,1,1,19,3,0,0,3.666666667,14,2.666666667,17.2,0.333333333,0,0,
600,600,3/13/2022,14:00,Premier League,Matchweek 29,Sun,Home,W,2,1,Norwich City,2.5,1.2,52,36321,Luke Ayling,4-2-3-1,Stuart Attwell,Match Report,,13,7,14.1,1,0,0,2022,Leeds United,1,15,14,6,1,0,2.666666667,14.33333333,2.333333333,17.63333333,0.333333333,0,0,
601,601,3/18/2022,20:00,Premier League,Matchweek 30,Fri,Away,W,3,2,Wolves,2.2,0.8,53,31842,Luke Ayling,4-2-3-1,Kevin Friend,Match Report,,15,5,13.3,1,0,0,2022,Leeds United,0,22,20,4,1,0.666666667,1.666666667,12,4,16.73333333,0.333333333,0,0,
602,602,4/2/2022,15:00,Premier League,Matchweek 31,Sat,Home,D,1,1,Southampton,1.1,1.7,56,36580,Liam Cooper,4-2-3-1,Anthony Taylor,Match Report,,12,3,17,0,0,0,2022,Leeds United,1,17,15,5,0,1.666666667,2,10.66666667,4.333333333,16.6,0.666666667,0,0,
603,603,4/9/2022,15:00,Premier League,Matchweek 32,Sat,Away,W,3,0,Watford,1,1.2,51,20957,Liam Cooper,4-2-3-1,Andre Marriner,Match Report,,10,5,16.5,0,0,0,2022,Leeds United,0,19,15,5,1,2,1.333333333,13.33333333,5,14.8,0.666666667,0,0,
604,604,4/25/2022,20:00,Premier League,Matchweek 34,Mon,Away,D,0,0,Crystal Palace,0.4,2,47,25357,Liam Cooper,4-2-3-1,Darren England,Match Report,,9,2,16.5,0,0,0,2022,Leeds United,0,6,20,0,0,2.333333333,1,12.33333333,4.333333333,15.6,0.333333333,0,0,
658,658,1/19/2022,19:30,Premier League,Matchweek 17,Wed,Home,L,2,3,Tottenham,1.5,3.7,48,31986,Kasper Schmeichel,3/5/2002,Jonathan Moss,Match Report,,14,4,18.1,0,0,0,2022,Leicester City,1,18,19,2,0,2.666666667,2,9,4.333333333,16.4,0.666666667,0.333333333,0.333333333,
659,659,1/23/2022,14:00,Premier League,Matchweek 23,Sun,Home,D,1,1,Brighton,2.2,1,43,31231,Kasper Schmeichel,4-2-3-1,Martin Atkinson,Match Report,,15,5,20.2,1,0,0,2022,Leicester City,1,3,14,6,0,2,3,11.33333333,4.333333333,16.56666667,0.333333333,0,0,
660,660,2/10/2022,19:45,Premier League,Matchweek 24,Thu,Away,L,0,2,Liverpool,0.3,2.6,37,53050,Kasper Schmeichel,4-2-3-1,Chris Kavanagh,Match Report,,5,1,17.2,1,0,0,2022,Leicester City,0,11,19,3,0,1.333333333,1.333333333,11.66666667,3.333333333,17.83333333,0.333333333,0,0,
661,661,2/13/2022,16:30,Premier League,Matchweek 25,Sun,Home,D,2,2,West Ham,1.3,0.6,56,32061,Kasper Schmeichel,4/3/2003,Michael Oliver,Match Report,,12,1,19.2,0,1,1,2022,Leicester City,1,21,16,6,0,1,2,11.33333333,3.333333333,18.5,0.666666667,0,0,
662,662,2/20/2022,16:30,Premier League,Matchweek 26,Sun,Away,L,1,2,Wolves,1.6,0.6,65,31587,Kasper Schmeichel,4/3/2003,Craig Pawson,Match Report,,17,7,18.2,1,0,0,2022,Leicester City,0,22,16,6,0,1,1.666666667,10.66666667,2.333333333,18.86666667,0.666666667,0.333333333,0.333333333,
663,663,3/1/2022,19:45,Premier League,Matchweek 22,Tue,Away,W,2,0,Burnley,1.5,1,55,17825,Kasper Schmeichel,4/3/2003,Chris Kavanagh,Match Report,,22,6,17.3,1,0,0,2022,Leicester City,0,4,19,1,1,1,2,11.33333333,3,18.2,0.666666667,0.333333333,0.333333333,
664,664,3/5/2022,12:30,Premier League,Matchweek 28,Sat,Home,W,1,0,Leeds United,0.5,1.9,50,32236,Kasper Schmeichel,4/3/2003,David Coote,Match Report,,7,4,19.2,0,0,0,2022,Leicester City,1,9,12,5,1,1.666666667,1.333333333,17,4.666666667,18.23333333,0.666666667,0.333333333,0.333333333,
665,665,3/13/2022,16:30,Premier League,Matchweek 29,Sun,Away,L,0,2,Arsenal,0.3,2.3,54,60111,Kasper Schmeichel,4-2-3-1,Anthony Taylor,Match Report,,6,3,15.1,0,0,0,2022,Leicester City,0,0,16,6,0,1.333333333,0.666666667,15.33333333,5.666666667,18.23333333,0.666666667,0,0,
666,666,3/20/2022,14:00,Premier League,Matchweek 30,Sun,Home,W,2,1,Brentford,1.3,1.4,53,31830,Kasper Schmeichel,4-2-3-1,Darren England,Match Report,,12,4,18.2,1,0,0,2022,Leicester City,1,2,14,6,1,1,0.666666667,11.66666667,4.333333333,17.2,0.333333333,0,0,
667,667,4/2/2022,17:30,Premier League,Matchweek 31,Sat,Away,D,1,1,Manchester Utd,0.8,1.3,46,73444,Kasper Schmeichel,4-2-3-1,Andre Marriner,Match Report,,11,3,15.8,0,0,0,2022,Leicester City,0,13,17,5,0,1,1,8.333333333,3.666666667,17.5,0.333333333,0,0,
668,668,4/10/2022,14:00,Premier League,Matchweek 32,Sun,Home,W,2,1,Crystal Palace,1,1.3,50,31896,Kasper Schmeichel,4-2-3-1,Robert Jones,Match Report,,12,3,21,2,0,0,2022,Leicester City,1,6,14,6,1,1,1.333333333,9.666666667,3.333333333,16.36666667,0.333333333,0,0,
669,669,4/17/2022,14:15,Premier League,Matchweek 33,Sun,Away,L,1,2,Newcastle Utd,0.6,1.4,67,52104,Kasper Schmeichel,4-1-4-1,Jarred Gillett,Match Report,,8,2,16,0,0,0,2022,Leicester City,0,14,14,6,0,1.666666667,1,11.66666667,3.333333333,18.33333333,1,0,0,
670,670,4/20/2022,19:45,Premier League,Matchweek 18,Wed,Away,D,1,1,Everton,1,1.6,63,39153,Kasper Schmeichel,4-2-3-1,David Coote,Match Report,,11,3,16.5,0,0,0,2022,Leicester City,0,7,19,2,0,1.333333333,1.333333333,10.33333333,2.666666667,17.6,0.666666667,0,0,
671,671,4/23/2022,15:00,Premier League,Matchweek 34,Sat,Home,D,0,0,Aston Villa,0.4,0.6,63,32185,Kasper Schmeichel,4-1-4-1,Andy Madley,Match Report,,5,2,22.8,2,0,0,2022,Leicester City,1,1,15,5,0,1.333333333,1.333333333,10.33333333,2.666666667,17.83333333,0.666666667,0,0,
763,763,1/15/2022,12:30,Premier League,Matchweek 22,Sat,Home,W,1,0,Chelsea,0.7,0.5,56,53319,Kevin De Bruyne,4/3/2003,Craig Pawson,Match Report,,11,6,16.7,1,0,0,2022,Manchester City,1,5,12,5,1,3,1.333333333,13.66666667,3.666666667,17.9,0.333333333,1,1,
764,764,1/22/2022,17:30,Premier League,Matchweek 23,Sat,Away,D,1,1,Southampton,1.6,1.1,73,31178,Rúben Dias,4/3/2003,Simon Hooper,Match Report,,20,5,16.5,0,0,0,2022,Manchester City,0,17,17,5,0,1.333333333,0.333333333,12.33333333,3.666666667,17.93333333,0.333333333,0.333333333,0.333333333,
765,765,2/9/2022,19:45,Premier League,Matchweek 24,Wed,Home,W,2,0,Brentford,2,0.7,75,51658,Rúben Dias,4/3/2003,Darren England,Match Report,,14,6,18.8,0,1,1,2022,Manchester City,1,2,19,2,1,1.333333333,0.666666667,15,4,17.2,0.333333333,0.333333333,0.333333333,
766,766,2/12/2022,17:30,Premier League,Matchweek 25,Sat,Away,W,4,0,Norwich City,4.6,0.5,72,27010,Fernandinho,4/3/2003,Andre Marriner,Match Report,,21,8,11.6,0,0,1,2022,Manchester City,0,15,17,5,1,1.333333333,0.333333333,15,5.666666667,17.33333333,0.333333333,0.333333333,0.333333333,
767,767,2/19/2022,17:30,Premier League,Matchweek 26,Sat,Home,L,2,3,Tottenham,2.1,1.8,71,53201,İlkay Gündoğan,4/3/2003,Anthony Taylor,Match Report,,20,3,15.6,0,1,1,2022,Manchester City,1,18,17,5,0,2.333333333,0.333333333,18.33333333,6.333333333,15.63333333,0,0.333333333,0.666666667,
768,768,2/26/2022,17:30,Premier League,Matchweek 27,Sat,Away,W,1,0,Everton,1.6,0.8,67,39105,İlkay Gündoğan,4/3/2003,Paul Tierney,Match Report,,13,8,15.7,0,0,0,2022,Manchester City,0,7,17,5,1,2.666666667,1,18.33333333,5.666666667,15.33333333,0,0.666666667,1,
769,769,3/6/2022,16:30,Premier League,Matchweek 28,Sun,Home,W,4,1,Manchester Utd,2.6,0.5,69,53165,Kevin De Bruyne,4/3/2003,Michael Oliver,Match Report,,24,10,14.8,1,0,0,2022,Manchester City,1,13,16,6,1,2.333333333,1,18,6.333333333,14.3,0,0.333333333,0.666666667,
770,770,3/14/2022,20:00,Premier League,Matchweek 29,Mon,Away,D,0,0,Crystal Palace,2.3,0.8,74,25309,Kevin De Bruyne,4/3/2003,Martin Atkinson,Match Report,,18,4,17.5,0,0,0,2022,Manchester City,0,6,20,0,0,2.333333333,1.333333333,19,7,15.36666667,0.333333333,0.333333333,0.333333333,
771,771,4/2/2022,15:00,Premier League,Matchweek 31,Sat,Away,W,2,0,Burnley,1.8,0.1,75,21249,İlkay Gündoğan,4/3/2003,Craig Pawson,Match Report,,18,6,16.1,0,0,0,2022,Manchester City,0,4,15,5,1,1.666666667,0.333333333,18.33333333,7.333333333,16,0.333333333,0,0,
772,772,4/10/2022,16:30,Premier League,Matchweek 32,Sun,Home,D,2,2,Liverpool,2,1,55,53197,Kevin De Bruyne,4-2-3-1,Anthony Taylor,Match Report,,11,4,16.5,1,0,0,2022,Manchester City,1,11,16,6,0,2,0.333333333,20,6.666666667,16.13333333,0.333333333,0,0,
773,773,4/20/2022,20:00,Premier League,Matchweek 30,Wed,Home,W,3,0,Brighton,1.2,0.1,64,52226,İlkay Gündoğan,4/3/2003,Mike Dean,Match Report,,17,5,19,0,0,0,2022,Manchester City,1,3,20,2,1,1.333333333,0.666666667,15.66666667,4.666666667,16.7,0.333333333,0,0,
774,774,4/23/2022,15:00,Premier League,Matchweek 34,Sat,Home,W,5,1,Watford,3,0.5,73,53013,Fernandinho,4-2-3-1,Kevin Friend,Match Report,,20,7,14.7,0,1,1,2022,Manchester City,1,19,15,5,1,2.333333333,0.666666667,15.33333333,5,17.2,0.333333333,0,0,
828,828,1/3/2022,17:30,Premier League,Matchweek 21,Mon,Home,L,0,1,Wolves,0.8,0.7,51,73045,Cristiano Ronaldo,4/4/2002,Mike Dean,Match Report,,9,2,19.9,1,0,0,2022,Manchester United,1,22,17,0,0,1.666666667,0.666666667,14.33333333,4.333333333,17.4,1,0.333333333,0.333333333,
829,829,1/15/2022,17:30,Premier League,Matchweek 22,Sat,Away,D,2,2,Aston Villa,1,2,46,41968,Bruno Fernandes,4/3/2003,David Coote,Match Report,,13,6,17.3,1,0,0,2022,Manchester United,0,1,17,5,0,1.333333333,1,13.33333333,3.666666667,17.7,0.666666667,0,0,
830,830,1/19/2022,20:00,Premier League,Matchweek 17,Wed,Away,W,3,1,Brentford,2,2.2,56,17094,Bruno Fernandes,4-2-3-1,Andre Marriner,Match Report,,13,5,17.5,0,0,0,2022,Manchester United,0,2,20,2,1,1.666666667,1.333333333,13.33333333,4.666666667,17.83333333,1,0,0,
831,831,1/22/2022,15:00,Premier League,Matchweek 23,Sat,Home,W,1,0,West Ham,1.8,0.4,57,73130,Harry Maguire,4-2-3-1,Jonathan Moss,Match Report,,18,3,18.3,1,0,0,2022,Manchester United,1,21,15,5,1,1.666666667,1.333333333,11.66666667,4.333333333,18.23333333,0.666666667,0,0,
832,832,2/8/2022,20:00,Premier League,Matchweek 24,Tue,Away,D,1,1,Burnley,2.1,0.6,64,21233,Harry Maguire,4-2-3-1,Mike Dean,Match Report,,22,5,15.2,0,0,0,2022,Manchester United,0,4,20,1,0,2,1,14.66666667,4.666666667,17.7,0.666666667,0,0,
833,833,2/12/2022,12:30,Premier League,Matchweek 25,Sat,Home,D,1,1,Southampton,2.1,1.1,52,73084,Harry Maguire,4-2-3-1,Stuart Attwell,Match Report,,12,7,11.7,0,0,0,2022,Manchester United,1,17,12,5,0,1.666666667,0.666666667,17.66666667,4.333333333,17,0.333333333,0,0,
834,834,2/15/2022,20:15,Premier League,Matchweek 18,Tue,Home,W,2,0,Brighton,2,0.6,50,73012,Harry Maguire,4-2-3-1,Peter Bankes,Match Report,,19,7,19,2,0,0,2022,Manchester United,1,3,20,1,1,1,0.666666667,17.33333333,5,15.06666667,0.333333333,0,0,
835,835,2/20/2022,14:00,Premier League,Matchweek 26,Sun,Away,W,4,2,Leeds United,2.6,1.5,46,36715,Harry Maguire,4-2-3-1,Paul Tierney,Match Report,,15,9,14,0,0,0,2022,Manchester United,0,9,14,6,1,1.333333333,0.666666667,17.66666667,6.333333333,15.3,0.666666667,0,0,
836,836,2/26/2022,15:00,Premier League,Matchweek 27,Sat,Home,D,0,0,Watford,2.9,0.5,66,73152,Bruno Fernandes,4-2-3-1,Kevin Friend,Match Report,,22,3,16.3,1,0,0,2022,Manchester United,1,19,15,5,0,2.333333333,1,15.33333333,7.666666667,14.9,0.666666667,0,0,
837,837,3/6/2022,16:30,Premier League,Matchweek 28,Sun,Away,L,1,4,Manchester City,0.5,2.6,31,53165,Harry Maguire,4-2-3-1,Michael Oliver,Match Report,,5,2,13.6,0,0,0,2022,Manchester United,0,12,16,6,0,2,0.666666667,18.66666667,6.333333333,16.43333333,1,0,0,
838,838,3/12/2022,17:30,Premier League,Matchweek 29,Sat,Home,W,3,2,Tottenham,1.1,1.3,43,73458,Harry Maguire,4-2-3-1,Jonathan Moss,Match Report,,11,6,16.1,0,0,0,2022,Manchester United,1,18,17,5,1,1.666666667,2,14,4.666666667,14.63333333,0.333333333,0,0,
839,839,4/2/2022,17:30,Premier League,Matchweek 31,Sat,Home,D,1,1,Leicester City,1.3,0.8,54,73444,Harry Maguire,4-2-3-1,Andre Marriner,Match Report,,11,5,13.3,0,0,0,2022,Manchester United,1,10,17,5,0,1.333333333,2,12.66666667,3.666666667,15.33333333,0.333333333,0,0,
840,840,4/9/2022,12:30,Premier League,Matchweek 32,Sat,Away,L,0,1,Everton,0.7,0.4,66,39080,Harry Maguire,4-2-3-1,Jonathan Moss,Match Report,,12,4,16.6,0,0,0,2022,Manchester United,0,7,12,5,0,1.666666667,2.333333333,9,4.333333333,14.33333333,0,0,0,
841,841,4/16/2022,15:00,Premier League,Matchweek 33,Sat,Home,W,3,2,Norwich City,2,1.9,61,73381,Harry Maguire,4/3/2003,Andy Madley,Match Report,,20,9,17.1,1,0,0,2022,Manchester United,1,15,15,5,1,1.333333333,1.333333333,11.33333333,5,15.33333333,0,0,0,
842,842,4/19/2022,20:00,Premier League,Matchweek 30,Tue,Away,L,0,4,Liverpool,0.1,1.7,28,52686,Harry Maguire,3/4/2003,Martin Atkinson,Match Report,,2,1,19.7,0,0,0,2022,Manchester United,0,11,20,1,0,1.333333333,1.333333333,14.33333333,6,15.66666667,0.333333333,0,0,
843,843,4/23/2022,12:30,Premier League,Matchweek 34,Sat,Away,L,1,3,Arsenal,2.1,2.2,45,60223,Bruno Fernandes,4-2-3-1,Craig Pawson,Match Report,,13,5,17.1,0,0,1,2022,Manchester United,0,0,12,5,0,1,2.333333333,11.33333333,4.666666667,17.8,0.333333333,0,0,
898,898,1/15/2022,15:00,Premier League,Matchweek 22,Sat,Home,D,1,1,Watford,1.4,1.3,53,52223,Jamaal Lascelles,4/3/2003,Paul Tierney,Match Report,,12,1,13.9,0,0,0,2022,Newcastle United,1,19,15,5,0,0.666666667,2.666666667,7.333333333,3.666666667,20.4,0.333333333,0,0,
899,899,1/22/2022,15:00,Premier League,Matchweek 23,Sat,Away,W,1,0,Leeds United,1.1,1,37,36405,Jamaal Lascelles,4/3/2003,Chris Kavanagh,Match Report,,15,3,18.4,1,0,0,2022,Newcastle United,0,9,15,5,1,0.666666667,2,10,3.333333333,17.46666667,0,0,0,
900,900,2/8/2022,19:45,Premier League,Matchweek 24,Tue,Home,W,3,1,Everton,2.2,0.6,39,52186,Jamaal Lascelles,4/3/2003,Anthony Taylor,Match Report,,20,8,13.2,1,0,0,2022,Newcastle United,1,7,19,1,1,1,0.666666667,13.33333333,4,17.76666667,0.333333333,0,0,
901,901,2/13/2022,14:00,Premier League,Matchweek 25,Sun,Home,W,1,0,Aston Villa,0.5,0.4,37,52207,Kieran Trippier,4/3/2003,Craig Pawson,Match Report,,10,2,19.8,1,0,0,2022,Newcastle United,1,1,14,6,1,1.666666667,0.666666667,15.66666667,4,15.16666667,0.666666667,0,0,
902,902,2/19/2022,12:30,Premier League,Matchweek 26,Sat,Away,D,1,1,West Ham,0.7,0.6,53,59949,Jonjo Shelvey,4/3/2003,Chris Kavanagh,Match Report,,14,3,15.5,0,0,0,2022,Newcastle United,0,21,12,5,0,1.666666667,0.333333333,15,4.333333333,17.13333333,1,0,0,
903,903,2/26/2022,15:00,Premier League,Matchweek 27,Sat,Away,W,2,0,Brentford,2.4,0.3,62,17039,Jonjo Shelvey,4/3/2003,Mike Dean,Match Report,,26,11,15.3,2,0,0,2022,Newcastle United,0,2,15,5,1,1.666666667,0.666666667,14.66666667,4.333333333,16.16666667,0.666666667,0,0,
904,904,3/5/2022,15:00,Premier League,Matchweek 28,Sat,Home,W,2,1,Brighton,1.6,1.3,32,52214,Jonjo Shelvey,4/3/2003,Martin Atkinson,Match Report,,10,4,11.8,0,0,0,2022,Newcastle United,1,3,15,5,1,1.333333333,0.333333333,16.66666667,5.333333333,16.86666667,1,0,0,
905,905,3/10/2022,19:30,Premier League,Matchweek 21,Thu,Away,W,2,1,Southampton,0.6,1.3,33,30056,Jonjo Shelvey,4/3/2003,Kevin Friend,Match Report,,8,3,15,0,0,0,2022,Newcastle United,0,17,19,3,1,1.666666667,0.666666667,16.66666667,6,14.2,0.666666667,0,0,
906,906,3/13/2022,14:00,Premier League,Matchweek 29,Sun,Away,L,0,1,Chelsea,0.2,0.8,29,40026,Jamaal Lascelles,3/4/2003,David Coote,Match Report,,7,2,18.3,0,0,0,2022,Newcastle United,0,5,14,6,0,2,0.666666667,14.66666667,6,14.03333333,0.666666667,0,0,
907,907,3/17/2022,19:45,Premier League,Matchweek 20,Thu,Away,L,0,1,Everton,1,0.6,60,39068,Fabian Schär,4/3/2003,Craig Pawson,Match Report,,17,6,20.3,1,0,0,2022,Newcastle United,0,7,19,3,0,1.333333333,1,8.333333333,3,15.03333333,0,0,0,
908,908,4/3/2022,16:30,Premier League,Matchweek 31,Sun,Away,L,1,5,Tottenham,0.6,3.1,39,57553,Jonjo Shelvey,4/3/2003,Martin Atkinson,Match Report,,8,1,17,1,0,0,2022,Newcastle United,0,18,16,6,0,0.666666667,1,10.66666667,3.666666667,17.86666667,0.333333333,0,0,
909,909,4/8/2022,20:00,Premier League,Matchweek 32,Fri,Home,W,1,0,Wolves,1.6,0.3,42,52164,Jonjo Shelvey,4/3/2003,Peter Bankes,Match Report,,11,3,19.2,1,1,1,2022,Newcastle United,1,22,20,4,1,0.333333333,2.333333333,10.66666667,3,18.53333333,0.666666667,0,0,
910,910,4/17/2022,14:15,Premier League,Matchweek 33,Sun,Home,W,2,1,Leicester City,1.4,0.6,33,52104,Jonjo Shelvey,4/3/2003,Jarred Gillett,Match Report,,15,6,15.3,1,0,0,2022,Newcastle United,1,10,14,6,1,0.666666667,2,12,3.333333333,18.83333333,1,0.333333333,0.333333333,
911,911,4/20/2022,19:45,Premier League,Matchweek 30,Wed,Home,W,1,0,Crystal Palace,0.9,0.6,37,51938,Jonjo Shelvey,4/3/2003,Tony Harrington,Match Report,,13,4,17.3,0,0,0,2022,Newcastle United,1,6,19,2,1,1.333333333,2,11.33333333,3.333333333,17.16666667,1,0.333333333,0.333333333,
912,912,4/23/2022,15:00,Premier League,Matchweek 34,Sat,Away,W,3,0,Norwich City,2.5,0.7,54,26910,Jamaal Lascelles,4/3/2003,Chris Kavanagh,Match Report,,13,7,14.3,0,0,0,2022,Newcastle United,0,15,15,5,1,1.333333333,0.333333333,13,4.333333333,17.26666667,0.666666667,0.333333333,0.333333333,
929,929,1/12/2022,19:45,Premier League,Matchweek 18,Wed,Away,L,0,2,West Ham,0.3,2.1,39,59775,Grant Hanley,4-2-3-1,Simon Hooper,Match Report,,7,3,20.1,0,0,0,2022,Norwich City,0,21,19,2,0,0,3.333333333,7.666666667,2.333333333,15.93333333,0,0,0,
930,930,1/15/2022,15:00,Premier League,Matchweek 22,Sat,Home,W,2,1,Everton,0.7,0.7,40,26629,Grant Hanley,4/4/2002,Andy Madley,Match Report,,14,3,19.7,0,0,0,2022,Norwich City,1,7,15,5,1,0,3.333333333,7.666666667,2.333333333,18.46666667,0,0,0,
931,931,1/21/2022,20:00,Premier League,Matchweek 23,Fri,Away,W,3,0,Watford,0.7,1.1,34,20782,Grant Hanley,4/4/2002,Mike Dean,Match Report,,7,2,13.9,1,0,0,2022,Norwich City,0,19,20,4,1,0.666666667,2,11,2.666666667,18.86666667,0,0,0,
932,932,2/9/2022,19:45,Premier League,Matchweek 24,Wed,Home,D,1,1,Crystal Palace,0.5,1.1,29,26652,Grant Hanley,4/4/2002,Paul Tierney,Match Report,,5,1,14.7,0,0,0,2022,Norwich City,1,6,19,2,0,1.666666667,1,9.333333333,2.666666667,17.9,0.333333333,0,0,
933,933,2/12/2022,17:30,Premier League,Matchweek 25,Sat,Home,L,0,4,Manchester City,0.5,4.6,28,27010,Grant Hanley,4/3/2003,Andre Marriner,Match Report,,8,3,13.7,0,0,0,2022,Norwich City,1,12,17,5,0,2,0.666666667,8.666666667,2,16.1,0.333333333,0,0,
934,934,2/19/2022,15:00,Premier League,Matchweek 26,Sat,Away,L,1,3,Liverpool,0.6,3,31,53135,Grant Hanley,4/3/2003,Mike Dean,Match Report,,7,1,15.4,0,0,0,2022,Norwich City,0,11,15,5,0,1.333333333,1.666666667,6.666666667,2,14.1,0.333333333,0,0,
935,935,2/25/2022,20:00,Premier League,Matchweek 27,Fri,Away,L,0,2,Southampton,0.6,2.8,41,31182,Grant Hanley,4-1-4-1,Simon Hooper,Match Report,,8,1,17.4,0,0,0,2022,Norwich City,0,17,20,4,0,0.666666667,2.666666667,6.666666667,1.666666667,14.6,0,0,0,
936,936,3/5/2022,15:00,Premier League,Matchweek 28,Sat,Home,L,1,3,Brentford,1.4,2.1,60,26887,Grant Hanley,4-2-3-1,Anthony Taylor,Match Report,,15,7,17.4,0,0,0,2022,Norwich City,1,2,15,5,0,0.333333333,3,7.666666667,1.666666667,15.5,0,0,0,
937,937,3/10/2022,19:30,Premier League,Matchweek 30,Thu,Home,L,1,3,Chelsea,1,1.9,34,26684,Grant Hanley,3/5/2002,Martin Atkinson,Match Report,,7,2,23.8,0,1,1,2022,Norwich City,1,5,19,3,0,0.666666667,2.666666667,10,3,16.73333333,0,0,0,
938,938,3/13/2022,14:00,Premier League,Matchweek 29,Sun,Away,L,1,2,Leeds United,1.2,2.5,48,36321,Ben Gibson,4/3/2003,Stuart Attwell,Match Report,,12,4,18,1,0,0,2022,Norwich City,0,9,14,6,0,0.666666667,2.666666667,10,3.333333333,19.53333333,0,0.333333333,0.333333333,
939,939,4/2/2022,15:00,Premier League,Matchweek 31,Sat,Away,D,0,0,Brighton,0.3,2.9,37,31245,Grant Hanley,4-4-2◆,Simon Hooper,Match Report,,6,0,18.2,0,0,0,2022,Norwich City,0,3,15,5,0,1,2.666666667,11.33333333,4.333333333,19.73333333,0.333333333,0.333333333,0.333333333,
940,940,4/10/2022,14:00,Premier League,Matchweek 32,Sun,Home,W,2,0,Burnley,1.5,1.9,44,26361,Grant Hanley,4-2-3-1,Michael Oliver,Match Report,,17,6,19.1,0,0,0,2022,Norwich City,1,4,14,6,1,0.666666667,1.666666667,8.333333333,2,20,0.333333333,0.333333333,0.333333333,
941,941,4/16/2022,15:00,Premier League,Matchweek 33,Sat,Away,L,2,3,Manchester Utd,1.9,2,39,73381,Grant Hanley,4-2-3-1,Andy Madley,Match Report,,15,4,19.8,1,0,0,2022,Norwich City,0,13,15,5,0,1,0.666666667,11.66666667,3.333333333,18.43333333,0.333333333,0,0,
942,942,4/23/2022,15:00,Premier League,Matchweek 34,Sat,Home,L,0,3,Newcastle Utd,0.7,2.5,46,26910,Grant Hanley,4-2-3-1,Chris Kavanagh,Match Report,,5,2,15.3,1,0,0,2022,Norwich City,1,14,15,5,0,1.333333333,1,12.66666667,3.333333333,19.03333333,0.333333333,0,0,
1032,1032,1/11/2022,19:45,Premier League,Matchweek 18,Tue,Home,W,4,1,Brentford,1.6,0.7,47,27383,James Ward-Prowse,3/5/2002,Stuart Attwell,Match Report,,12,6,17.3,0,0,0,2022,Southampton,1,2,19,1,1,2,1.666666667,11.33333333,3.666666667,20.13333333,0.333333333,0.333333333,0.333333333,
1033,1033,1/15/2022,15:00,Premier League,Matchweek 22,Sat,Away,L,1,3,Wolves,1.1,2.1,58,30057,James Ward-Prowse,3/5/2002,Michael Salisbury,Match Report,,13,10,19.6,2,0,0,2022,Southampton,0,22,15,5,0,2.666666667,1.333333333,10.33333333,4.333333333,19.53333333,0,0.333333333,0.333333333,
1034,1034,1/22/2022,17:30,Premier League,Matchweek 23,Sat,Home,D,1,1,Manchester City,1.1,1.6,27,31178,James Ward-Prowse,4/4/2002,Simon Hooper,Match Report,,7,3,10.8,0,0,0,2022,Southampton,1,12,17,5,0,2,1.666666667,11.33333333,6,19.13333333,0.666666667,0,0,
1035,1035,2/9/2022,19:45,Premier League,Matchweek 24,Wed,Away,W,3,2,Tottenham,2.7,1.5,52,54012,James Ward-Prowse,4/4/2002,David Coote,Match Report,,24,9,15,0,0,0,2022,Southampton,0,18,19,2,1,2,1.666666667,10.66666667,6.333333333,15.9,0.666666667,0,0,
1036,1036,2/12/2022,12:30,Premier League,Matchweek 25,Sat,Away,D,1,1,Manchester Utd,1.1,2.1,48,73084,James Ward-Prowse,4/4/2002,Stuart Attwell,Match Report,,14,4,20.5,0,0,0,2022,Southampton,0,13,12,5,0,1.666666667,2,14.66666667,7.333333333,15.13333333,0.666666667,0,0,
1037,1037,2/19/2022,15:00,Premier League,Matchweek 26,Sat,Home,W,2,0,Everton,2,0.3,55,31312,James Ward-Prowse,4/4/2002,Andy Madley,Match Report,,19,11,14.9,1,0,0,2022,Southampton,1,7,15,5,1,1.666666667,1.333333333,15,5.333333333,15.43333333,0,0,0,
1038,1038,2/25/2022,20:00,Premier League,Matchweek 27,Fri,Home,W,2,0,Norwich City,2.8,0.6,59,31182,James Ward-Prowse,4/4/2002,Simon Hooper,Match Report,,29,9,15.3,1,0,0,2022,Southampton,1,15,20,4,1,2,1,19,8,16.8,0.333333333,0,0,
1039,1039,3/5/2022,15:00,Premier League,Matchweek 28,Sat,Away,L,0,4,Aston Villa,0.7,2.6,62,41855,James Ward-Prowse,4/4/2002,Peter Bankes,Match Report,,11,1,18.4,1,0,0,2022,Southampton,0,1,15,5,0,1.666666667,0.333333333,20.66666667,8,16.9,0.666666667,0,0,
1040,1040,3/10/2022,19:30,Premier League,Matchweek 21,Thu,Home,L,1,2,Newcastle Utd,1.3,0.6,67,30056,James Ward-Prowse,4-2-2-2,Kevin Friend,Match Report,,15,5,12.6,0,0,0,2022,Southampton,1,14,19,3,0,1.333333333,1.333333333,19.66666667,7,16.2,1,0,0,
1041,1041,3/13/2022,14:00,Premier League,Matchweek 29,Sun,Home,L,1,2,Watford,1.1,1.5,62,28863,James Ward-Prowse,4/4/2002,Graham Scott,Match Report,,13,5,12.1,1,0,0,2022,Southampton,1,19,14,6,0,1,2,18.33333333,5,15.43333333,0.666666667,0,0,
1042,1042,4/2/2022,15:00,Premier League,Matchweek 31,Sat,Away,D,1,1,Leeds United,1.7,1.1,44,36580,James Ward-Prowse,4-4-2◆,Anthony Taylor,Match Report,,14,5,15.7,1,0,0,2022,Southampton,0,9,15,5,0,0.666666667,2.666666667,13,3.666666667,14.36666667,0.666666667,0,0,
1043,1043,4/9/2022,15:00,Premier League,Matchweek 32,Sat,Home,L,0,6,Chelsea,0.5,4.2,31,31359,James Ward-Prowse,4/4/2002,Kevin Friend,Match Report,,4,1,16.4,0,0,0,2022,Southampton,1,5,15,5,0,1,1.666666667,14,5,13.46666667,0.666666667,0,0,
1044,1044,4/16/2022,15:00,Premier League,Matchweek 33,Sat,Home,W,1,0,Arsenal,0.7,1.7,25,31465,James Ward-Prowse,3/4/2003,Peter Bankes,Match Report,,9,3,16.4,1,0,0,2022,Southampton,1,0,15,5,1,0.666666667,3,10.33333333,3.666666667,14.73333333,0.666666667,0,0,
1045,1045,4/21/2022,19:45,Premier League,Matchweek 30,Thu,Away,L,0,2,Burnley,1.1,1.5,56,17384,James Ward-Prowse,3/5/2002,Stuart Attwell,Match Report,,11,2,14.5,1,0,0,2022,Southampton,0,4,19,3,0,0.666666667,2.333333333,9,3,16.16666667,0.666666667,0,0,
1046,1046,4/24/2022,14:00,Premier League,Matchweek 34,Sun,Away,D,2,2,Brighton,0.9,1.4,53,31335,James Ward-Prowse,4/4/2002,Robert Jones,Match Report,,18,5,19.4,1,0,0,2022,Southampton,0,3,14,6,0,0.333333333,2.666666667,8,2,15.76666667,0.666666667,0,0,
1100,1100,1/19/2022,19:30,Premier League,Matchweek 17,Wed,Away,W,3,2,Leicester City,3.7,1.5,52,31986,Hugo Lloris,3/5/2002,Jonathan Moss,Match Report,,27,8,15.9,1,0,0,2022,Tottenham Hotspur,0,10,19,2,1,1.666666667,0.333333333,19.33333333,8,15.2,0.333333333,0.333333333,0.333333333,
1101,1101,1/23/2022,16:30,Premier League,Matchweek 23,Sun,Away,L,0,2,Chelsea,0.4,0.9,35,40020,Hugo Lloris,4/4/2002,Paul Tierney,Match Report,,6,3,15.9,0,0,0,2022,Tottenham Hotspur,0,5,16,6,0,1.666666667,1,22.66666667,8.666666667,15.73333333,0.666666667,0.333333333,0.333333333,
1102,1102,2/9/2022,19:45,Premier League,Matchweek 24,Wed,Home,L,2,3,Southampton,1.5,2.7,48,54012,Hugo Lloris,3/4/2003,David Coote,Match Report,,8,3,14.8,0,0,0,2022,Tottenham Hotspur,1,17,19,2,0,1.333333333,1.333333333,18,6.666666667,16.1,0.333333333,0,0,
1103,1103,2/13/2022,14:00,Premier League,Matchweek 25,Sun,Home,L,0,2,Wolves,1.4,1.3,59,56452,Hugo Lloris,3/4/2003,Kevin Friend,Match Report,,17,7,15.8,2,0,0,2022,Tottenham Hotspur,1,22,14,6,0,1.666666667,2.333333333,13.66666667,4.666666667,15.53333333,0.333333333,0,0,
1104,1104,2/19/2022,17:30,Premier League,Matchweek 26,Sat,Away,W,3,2,Manchester City,1.8,2.1,29,53201,Hugo Lloris,3/4/2003,Anthony Taylor,Match Report,,6,5,15,0,0,0,2022,Tottenham Hotspur,0,12,17,5,1,0.666666667,2.333333333,10.33333333,4.333333333,15.5,0.666666667,0,0,
1105,1105,2/23/2022,19:30,Premier League,Matchweek 13,Wed,Away,L,0,1,Burnley,0.9,1.1,64,19488,Hugo Lloris,3/4/2003,Graham Scott,Match Report,,12,3,17.6,0,0,0,2022,Tottenham Hotspur,0,4,19,2,0,1.666666667,2.333333333,10.33333333,5,15.2,0.666666667,0,0,
1106,1106,2/26/2022,12:30,Premier League,Matchweek 27,Sat,Away,W,4,0,Leeds United,2.4,1.5,51,36599,Hugo Lloris,3/4/2003,Craig Pawson,Match Report,,15,10,14.2,0,0,0,2022,Tottenham Hotspur,0,9,12,5,1,1,1.666666667,11.66666667,5,16.13333333,0.666666667,0,0,
1107,1107,3/7/2022,20:00,Premier League,Matchweek 28,Mon,Home,W,5,0,Everton,2.9,0.2,55,59647,Hugo Lloris,3/4/2003,Stuart Attwell,Match Report,,14,7,13,0,0,0,2022,Tottenham Hotspur,1,7,20,0,1,2.333333333,1,11,6,15.6,0,0,0,
1108,1108,3/12/2022,17:30,Premier League,Matchweek 29,Sat,Away,L,2,3,Manchester Utd,1.3,1.1,57,73458,Hugo Lloris,3/4/2003,Jonathan Moss,Match Report,,9,1,19.9,1,1,1,2022,Tottenham Hotspur,0,13,17,5,0,3,0.333333333,13.66666667,6.666666667,14.93333333,0,0,0,
1109,1109,3/16/2022,19:30,Premier League,Matchweek 16,Wed,Away,W,2,0,Brighton,2.4,0.7,52,31144,Hugo Lloris,3/4/2003,Robert Jones,Match Report,,17,7,18.8,1,0,0,2022,Tottenham Hotspur,0,3,19,2,1,3.666666667,1,12.66666667,6,15.7,0.333333333,0.333333333,0.333333333,
1110,1110,3/20/2022,16:30,Premier League,Matchweek 30,Sun,Home,W,3,1,West Ham,2.5,0.6,53,58685,Hugo Lloris,3/4/2003,Anthony Taylor,Match Report,,17,4,17,0,0,0,2022,Tottenham Hotspur,1,21,16,6,1,3,1,13.33333333,5,17.23333333,0.666666667,0.333333333,0.333333333,
1111,1111,4/3/2022,16:30,Premier League,Matchweek 31,Sun,Home,W,5,1,Newcastle Utd,3.1,0.6,61,57553,Hugo Lloris,3/4/2003,Martin Atkinson,Match Report,,19,6,16,1,0,0,2022,Tottenham Hotspur,1,14,16,6,1,2.333333333,1.333333333,14.33333333,4,18.56666667,0.666666667,0.333333333,0.333333333,
1112,1112,4/9/2022,17:30,Premier League,Matchweek 32,Sat,Away,W,4,0,Aston Villa,1,1.6,49,41949,Hugo Lloris,3/4/2003,Graham Scott,Match Report,,11,5,18.2,0,0,0,2022,Tottenham Hotspur,0,1,17,5,1,3.333333333,0.666666667,17.66666667,5.666666667,17.26666667,0.666666667,0,0,
1113,1113,4/16/2022,12:30,Premier League,Matchweek 33,Sat,Home,L,0,1,Brighton,0.4,0.7,48,58685,Hugo Lloris,3/4/2003,Craig Pawson,Match Report,,5,0,19.1,0,0,0,2022,Tottenham Hotspur,1,3,12,5,0,4,0.666666667,15.66666667,5,17.06666667,0.333333333,0,0,
1114,1114,4/23/2022,17:30,Premier League,Matchweek 34,Sat,Away,D,0,0,Brentford,0.7,0.8,55,17072,Hugo Lloris,3/4/2003,Martin Atkinson,Match Report,,10,1,15.9,0,0,0,2022,Tottenham Hotspur,0,2,17,5,0,3,0.666666667,11.66666667,3.666666667,17.76666667,0.333333333,0,0,
1130,1130,1/15/2022,15:00,Premier League,Matchweek 22,Sat,Away,D,1,1,Newcastle Utd,1.3,1.4,47,52223,Moussa Sissoko,4/3/2003,Paul Tierney,Match Report,,18,5,18.8,2,0,0,2022,Watford,0,14,15,5,0,0.666666667,2.333333333,8.666666667,3.666666667,15.43333333,0.666666667,0,0,
1131,1131,1/21/2022,20:00,Premier League,Matchweek 23,Fri,Home,L,0,3,Norwich City,1.1,0.7,66,20782,Moussa Sissoko,4/3/2003,Mike Dean,Match Report,,15,3,18.3,0,0,0,2022,Watford,1,15,20,4,0,0.666666667,2,12.66666667,4.666666667,17.1,1,0,0,
1132,1132,2/5/2022,18:00,Premier League,Matchweek 17,Sat,Away,D,0,0,Burnley,1,0.8,47,19527,Moussa Sissoko,4/4/2002,Craig Pawson,Match Report,,11,5,15.7,0,0,0,2022,Watford,0,4,18,5,0,0.333333333,1.666666667,13,4,18.36666667,1,0,0,
1133,1133,2/8/2022,19:45,Premier League,Matchweek 24,Tue,Away,L,0,1,West Ham,0.3,0.7,35,59581,Moussa Sissoko,4/4/2002,Martin Atkinson,Match Report,,6,1,21.4,0,0,0,2022,Watford,0,21,19,1,0,0.333333333,1.333333333,14.66666667,4.333333333,17.6,0.666666667,0,0,
1134,1134,2/12/2022,15:00,Premier League,Matchweek 25,Sat,Home,L,0,2,Brighton,0.5,1.4,36,20795,Moussa Sissoko,4/4/2002,Jonathan Moss,Match Report,,9,1,16.2,1,0,0,2022,Watford,1,3,15,5,0,0,1.333333333,10.66666667,3,18.46666667,0,0,0,
1135,1135,2/19/2022,15:00,Premier League,Matchweek 26,Sat,Away,W,1,0,Aston Villa,1.1,1.3,41,41936,Moussa Sissoko,4/3/2003,Robert Jones,Match Report,,8,4,18.3,0,0,0,2022,Watford,0,1,15,5,1,0,1,8.666666667,2.333333333,17.76666667,0.333333333,0,0,
1136,1136,2/23/2022,19:30,Premier League,Matchweek 18,Wed,Home,L,1,4,Crystal Palace,1,0.8,45,20012,Moussa Sissoko,4/3/2003,Andre Marriner,Match Report,,8,1,13.6,0,0,0,2022,Watford,1,6,19,2,0,0.333333333,1,7.666666667,2,18.63333333,0.333333333,0,0,
1137,1137,2/26/2022,15:00,Premier League,Matchweek 27,Sat,Away,D,0,0,Manchester Utd,0.5,2.9,34,73152,Moussa Sissoko,4/3/2003,Kevin Friend,Match Report,,10,2,21,0,0,0,2022,Watford,0,13,15,5,0,0.666666667,2,8.333333333,2,16.03333333,0.333333333,0,0,
1138,1138,3/6/2022,14:00,Premier League,Matchweek 28,Sun,Home,L,2,3,Arsenal,1.5,1.4,44,21142,Moussa Sissoko,4/3/2003,Craig Pawson,Match Report,,13,7,18.9,2,0,0,2022,Watford,1,0,14,6,0,0.666666667,1.333333333,8.666666667,2.333333333,17.63333333,0,0,0,
1139,1139,3/10/2022,19:30,Premier League,Matchweek 19,Thu,Away,L,0,4,Wolves,0.9,0.9,35,29658,Moussa Sissoko,4/3/2003,Darren England,Match Report,,10,0,21.9,2,0,0,2022,Watford,0,22,19,3,0,1,2.333333333,10.33333333,3.333333333,17.83333333,0.666666667,0,0,
1140,1140,3/13/2022,14:00,Premier League,Matchweek 29,Sun,Away,W,2,1,Southampton,1.5,1.1,38,28863,Moussa Sissoko,4/3/2003,Graham Scott,Match Report,,9,5,16.2,0,0,0,2022,Watford,0,17,14,6,1,0.666666667,2.333333333,11,3,20.6,1.333333333,0,0,
1141,1141,4/2/2022,12:30,Premier League,Matchweek 31,Sat,Away,L,0,2,Liverpool,0.6,2.1,27,53104,Moussa Sissoko,4-1-4-1,Stuart Attwell,Match Report,,5,2,15.3,0,0,0,2022,Watford,0,11,12,5,0,1.333333333,2.666666667,10.66666667,4,19,1.333333333,0,0,
1142,1142,4/9/2022,15:00,Premier League,Matchweek 32,Sat,Home,L,0,3,Leeds United,1.2,1,49,20957,Moussa Sissoko,4/3/2003,Andre Marriner,Match Report,,8,1,25.7,1,0,0,2022,Watford,1,9,15,5,0,0.666666667,2.333333333,8,2.333333333,17.8,0.666666667,0,0,
1143,1143,4/16/2022,15:00,Premier League,Matchweek 33,Sat,Home,L,1,2,Brentford,1.5,1.3,50,21045,Moussa Sissoko,4/3/2003,Simon Hooper,Match Report,,17,4,16.3,2,0,0,2022,Watford,1,2,15,5,0,0.666666667,2,7.333333333,2.666666667,19.06666667,0.333333333,0,0,
1144,1144,4/23/2022,15:00,Premier League,Matchweek 34,Sat,Away,L,1,5,Manchester City,0.5,3,27,53013,Moussa Sissoko,4/3/2003,Kevin Friend,Match Report,,5,2,14.2,0,0,0,2022,Watford,0,12,15,5,0,0.333333333,2.333333333,10,2.333333333,19.1,1,0,0,
1235,1235,1/12/2022,19:45,Premier League,Matchweek 18,Wed,Home,W,2,0,Norwich City,2.1,0.3,61,59775,Declan Rice,4-2-3-1,Simon Hooper,Match Report,,13,5,14.8,0,0,0,2022,West Ham United,1,15,19,2,1,3,2,10.66666667,4.333333333,14.76666667,0,0.666666667,0.666666667,
1236,1236,1/16/2022,14:00,Premier League,Matchweek 22,Sun,Home,L,2,3,Leeds United,2,2.3,48,59951,Declan Rice,4-2-3-1,Mike Dean,Match Report,,15,5,12,0,0,0,2022,West Ham United,1,9,14,6,0,3,1,11.33333333,4.666666667,14.5,0,0.666666667,0.666666667,
1237,1237,1/22/2022,15:00,Premier League,Matchweek 23,Sat,Away,L,0,1,Manchester Utd,0.4,1.8,43,73130,Declan Rice,4-2-3-1,Jonathan Moss,Match Report,,6,1,18,0,0,0,2022,West Ham United,0,13,15,5,0,2.333333333,1.666666667,12.33333333,4.666666667,13.36666667,0,0.333333333,0.333333333,
1238,1238,2/8/2022,19:45,Premier League,Matchweek 24,Tue,Home,W,1,0,Watford,0.7,0.3,65,59581,Declan Rice,4-2-3-1,Martin Atkinson,Match Report,,9,2,12.6,0,0,0,2022,West Ham United,1,19,19,1,1,1.333333333,1.333333333,11.33333333,3.666666667,14.93333333,0,0,0,
1239,1239,2/13/2022,16:30,Premier League,Matchweek 25,Sun,Away,D,2,2,Leicester City,0.6,1.3,44,32061,Declan Rice,4-2-3-1,Michael Oliver,Match Report,,8,3,15.2,0,0,0,2022,West Ham United,0,10,16,6,0,1,1.333333333,10,2.666666667,14.2,0,0,0,
1240,1240,2/19/2022,12:30,Premier League,Matchweek 26,Sat,Home,D,1,1,Newcastle Utd,0.6,0.7,47,59949,Declan Rice,4-2-3-1,Chris Kavanagh,Match Report,,11,3,14.6,0,0,0,2022,West Ham United,1,14,12,5,0,1,1,7.666666667,2,15.26666667,0,0,0,
1241,1241,2/27/2022,14:00,Premier League,Matchweek 27,Sun,Home,W,1,0,Wolves,2.1,0.8,40,59946,Declan Rice,4-2-3-1,Anthony Taylor,Match Report,,13,4,15.9,1,0,0,2022,West Ham United,1,22,14,6,1,1.333333333,1,9.333333333,2.666666667,14.13333333,0,0,0,
1242,1242,3/5/2022,17:30,Premier League,Matchweek 28,Sat,Away,L,0,1,Liverpool,1.5,2.6,31,59925,Aaron Cresswell,4/4/2002,Jonathan Moss,Match Report,,13,4,14.3,0,0,0,2022,West Ham United,0,11,17,5,0,1.333333333,1,10.66666667,3.333333333,15.23333333,0.333333333,0,0,
1243,1243,3/13/2022,14:00,Premier League,Matchweek 29,Sun,Home,W,2,1,Aston Villa,1.3,1,48,59957,Declan Rice,4-2-3-1,Jarred Gillett,Match Report,,11,4,16.3,0,0,0,2022,West Ham United,1,1,14,6,1,0.666666667,0.666666667,12.33333333,3.666666667,14.93333333,0.333333333,0,0,
1244,1244,3/20/2022,16:30,Premier League,Matchweek 30,Sun,Away,L,1,3,Tottenham,0.6,2.5,47,58685,Declan Rice,3/4/2003,Anthony Taylor,Match Report,,6,1,8.4,0,0,0,2022,West Ham United,0,18,16,6,0,1,0.666666667,12.33333333,4,15.5,0.333333333,0,0,
1245,1245,4/3/2022,14:00,Premier League,Matchweek 31,Sun,Home,W,2,1,Everton,1.2,0.8,55,59953,Declan Rice,4-2-3-1,Michael Oliver,Match Report,,11,5,19.4,2,0,0,2022,West Ham United,1,7,14,6,1,1,1.666666667,10,3,13,0,0,0,
1246,1246,4/10/2022,14:00,Premier League,Matchweek 32,Sun,Away,L,0,2,Brentford,0.3,1.6,52,17032,Declan Rice,4-2-3-1,Martin Atkinson,Match Report,,5,1,16.8,0,0,0,2022,West Ham United,0,2,14,6,0,1.666666667,1.666666667,9.333333333,3.333333333,14.7,0.666666667,0,0,
1247,1247,4/17/2022,14:15,Premier League,Matchweek 33,Sun,Home,D,1,1,Burnley,2.2,1.6,61,59958,Declan Rice,4-2-3-1,Paul Tierney,Match Report,,21,6,14.2,0,0,0,2022,West Ham United,1,4,14,6,0,1,2,7.333333333,2.333333333,14.86666667,0.666666667,0,0,
1248,1248,4/24/2022,14:00,Premier League,Matchweek 34,Sun,Away,L,0,1,Chelsea,0.5,2.8,34,32231,Mark Noble,3-4-1-2,Michael Oliver,Match Report,,6,2,14,0,0,0,2022,West Ham United,0,5,14,6,0,1,1.333333333,12.33333333,4,16.8,0.666666667,0,0,
1302,1302,1/3/2022,17:30,Premier League,Matchweek 21,Mon,Away,W,1,0,Manchester Utd,0.7,0.8,49,73045,Conor Coady,3/4/2003,Mike Dean,Match Report,,19,6,19.7,1,0,0,2022,Wolverhampton Wanderers,0,13,17,0,1,0.333333333,0.333333333,4.666666667,2.333333333,18.03333333,0.333333333,0,0,
1303,1303,1/15/2022,15:00,Premier League,Matchweek 22,Sat,Home,W,3,1,Southampton,2.1,1.1,42,30057,Conor Coady,3/4/2003,Michael Salisbury,Match Report,,8,4,15.1,0,1,1,2022,Wolverhampton Wanderers,1,17,15,5,1,0.666666667,0,10.33333333,4,21.26666667,0.666666667,0,0,
1304,1304,1/22/2022,15:00,Premier League,Matchweek 23,Sat,Away,W,2,1,Brentford,0.2,1.3,51,16982,Conor Coady,3/5/2002,Peter Bankes,Match Report,,7,2,21.4,0,0,0,2022,Wolverhampton Wanderers,0,2,15,5,1,1.333333333,0.333333333,10.33333333,3.666666667,20.83333333,0.333333333,0.333333333,0.333333333,
1305,1305,2/10/2022,19:45,Premier League,Matchweek 24,Thu,Home,L,0,1,Arsenal,0.9,1.8,60,31523,Conor Coady,3/4/2003,Michael Oliver,Match Report,,15,4,18.7,2,0,0,2022,Wolverhampton Wanderers,1,0,19,3,0,2,0.666666667,11.33333333,4,18.73333333,0.333333333,0.333333333,0.333333333,
1306,1306,2/13/2022,14:00,Premier League,Matchweek 25,Sun,Away,W,2,0,Tottenham,1.3,1.4,41,56452,Conor Coady,3/5/2002,Kevin Friend,Match Report,,12,7,14.9,0,0,0,2022,Wolverhampton Wanderers,0,18,14,6,1,1.666666667,1,10,3.333333333,18.4,0.666666667,0.333333333,0.333333333,
1307,1307,2/20/2022,16:30,Premier League,Matchweek 26,Sun,Home,W,2,1,Leicester City,0.6,1.6,35,31587,Conor Coady,3/5/2002,Craig Pawson,Match Report,,11,3,17.5,1,0,0,2022,Wolverhampton Wanderers,1,10,16,6,1,1.333333333,0.666666667,11.33333333,4.333333333,18.33333333,0.666666667,0,0,
1308,1308,2/24/2022,19:45,Premier League,Matchweek 20,Thu,Away,L,1,2,Arsenal,1,2.7,45,59888,Conor Coady,3/4/2003,Martin Atkinson,Match Report,,6,2,14.7,0,0,0,2022,Wolverhampton Wanderers,0,0,19,3,0,1.333333333,0.666666667,12.66666667,4.666666667,17.03333333,1,0,0,
1309,1309,2/27/2022,14:00,Premier League,Matchweek 27,Sun,Away,L,0,1,West Ham,0.8,2.1,60,59946,Conor Coady,3/4/2003,Anthony Taylor,Match Report,,14,1,19.8,0,0,0,2022,Wolverhampton Wanderers,0,21,14,6,0,1.666666667,1,9.666666667,4,15.7,0.333333333,0,0,
1310,1310,3/5/2022,15:00,Premier League,Matchweek 28,Sat,Home,L,0,2,Crystal Palace,0.5,2.6,63,31395,Conor Coady,3/4/2003,Andy Madley,Match Report,,12,5,19.9,0,0,0,2022,Wolverhampton Wanderers,1,6,15,5,0,1,1.333333333,10.33333333,2,17.33333333,0.333333333,0,0,
1311,1311,3/10/2022,19:30,Premier League,Matchweek 19,Thu,Home,W,4,0,Watford,0.9,0.9,65,29658,Conor Coady,3/4/2003,Darren England,Match Report,,11,5,18.2,0,0,0,2022,Wolverhampton Wanderers,1,19,19,3,1,0.333333333,1.666666667,10.66666667,2.666666667,18.13333333,0,0,0,
1312,1312,3/13/2022,14:00,Premier League,Matchweek 29,Sun,Away,W,1,0,Everton,0.8,0.5,60,39112,Conor Coady,3/5/2002,Michael Oliver,Match Report,,14,3,20.7,0,0,0,2022,Wolverhampton Wanderers,0,7,14,6,1,1.333333333,1,12.33333333,3.666666667,19.3,0,0,0,
1313,1313,3/18/2022,20:00,Premier League,Matchweek 30,Fri,Home,L,2,3,Leeds United,0.8,2.2,47,31842,Conor Coady,3/4/2003,Kevin Friend,Match Report,,14,8,20.6,0,0,0,2022,Wolverhampton Wanderers,1,9,20,4,0,1.666666667,0.666666667,12.33333333,4.333333333,19.6,0,0,0,
1314,1314,4/2/2022,15:00,Premier League,Matchweek 31,Sat,Home,W,2,1,Aston Villa,1.2,2.1,49,31012,Conor Coady,3/4/2003,Darren England,Match Report,,11,4,14.3,0,0,0,2022,Wolverhampton Wanderers,1,1,15,5,1,2.333333333,1,13,5.333333333,19.83333333,0,0,0,
1315,1315,4/8/2022,20:00,Premier League,Matchweek 32,Fri,Away,L,0,1,Newcastle Utd,0.3,1.6,58,52164,Conor Coady,3/4/2003,Peter Bankes,Match Report,,5,2,18,0,0,0,2022,Wolverhampton Wanderers,0,14,20,4,0,1.666666667,1.333333333,13,5,18.53333333,0,0,0,
1316,1316,4/24/2022,14:00,Premier League,Matchweek 34,Sun,Away,L,0,1,Burnley,0.7,1,64,19246,Conor Coady,3/4/2003,Anthony Taylor,Match Report,,10,4,18.6,0,0,0,2022,Wolverhampton Wanderers,0,4,14,6,0,1.333333333,1.666666667,10,4.666666667,17.63333333,0,0,0,
